Date,Day,Minimum temperature (째C),Maximum temperature (째C),Rainfall (mm),Evaporation (mm),Sunshine (hours),Direction of maximum wind gust ,Speed of maximum wind gust (km/h),Time of maximum wind gust,9am Temperature (째C),9am relative humidity (%),9am cloud amount (oktas),9am wind direction,9am wind speed (km/h),9am MSL pressure (hPa),3pm Temperature (째C),3pm relative humidity (%),3pm cloud amount (oktas),3pm wind direction,3pm wind speed (km/h),3pm MSL pressure (hPa)
1/02/2015,Su,20.9,33.8,0,10.2,5.2,NW,57,19:54,23.1,50,7,ESE,11,1014.3,32.8,30,3,ESE,13,1011.6
2/02/2015,Mo,19.7,31.9,9.6,8.6,4.8,ESE,46,23:27,25.6,56,7,ENE,11,1014.4,22.6,90,7,SE,9,1015.1
3/02/2015,Tu,20.1,39.1,11.8,4,6.5,NE,50,20:21,23.1,72,7,Calm,,1016.8,36.9,19,7,ENE,15,1011.2
4/02/2015,We,19.8,32.6,1.6,8.2,12.6,ENE,31,0:01,28.5,49,2,NE,11,1015,30.2,45,1,W,13,1013.8
5/02/2015,Th,18.9,30.9,0,8,12.2,SW,35,15:23,25.4,66,2,SSW,9,1015.8,27.8,52,1,WSW,17,1014.8
6/02/2015,Fr,18.5,29.7,0,9.8,12.3,SSW,39,15:24,22.9,60,0,SE,15,1018.8,27.3,52,0,SSW,20,1015.9
7/02/2015,Sa,19.2,32.8,0,9.2,12.5,ESE,33,0:50,23.6,54,0,E,13,1018.3,31.4,41,0,SW,15,1014.5
8/02/2015,Su,20.6,39.5,0,9.6,12.5,ESE,30,0:16,27.4,52,1,E,11,1015,38.1,24,1,WSW,11,1012.7
9/02/2015,Mo,19.9,33.7,0,9.2,12,WSW,24,11:56,26,67,1,S,7,1018.3,32.5,39,1,WSW,11,1017.3
10/02/2015,Tu,18.5,34.9,0,8.8,12.4,SW,33,17:26,27.4,58,2,S,9,1019.1,31.2,46,4,WSW,15,1017.6
11/02/2015,We,20,36.4,0,10.6,12.4,E,35,8:25,25.1,51,4,E,13,1020,34.7,33,1,SSW,13,1015.6
12/02/2015,Th,21.9,30.3,0,9.8,6.7,ENE,26,4:47,25.1,57,7,ENE,9,1015.2,28.2,49,7,SW,11,1012.6
13/02/2015,Fr,21.5,26.9,0,4.8,6.7,SW,31,15:47,24,77,7,NW,9,1010.5,24.5,63,7,SW,15,1009.9
14/02/2015,Sa,19.1,24.4,0.4,6.4,10.5,SW,43,17:05,21.6,54,5,SSW,13,1017.2,23.2,45,0,SSW,22,1016.8
15/02/2015,Su,14.9,29.4,0,10,12.6,SSE,33,3:07,20.3,46,0,ESE,13,1021,26.4,41,0,WSW,17,1016.4
16/02/2015,Mo,17.1,34,0,9.8,11.6,E,35,5:19,22.5,49,5,E,13,1015.8,33.1,33,6,SW,15,1012.2
17/02/2015,Tu,18.6,32.5,0,8.8,1.2,E,28,9:02,27.3,39,7,E,13,1012.4,31.9,35,8,SSW,7,1012
18/02/2015,We,18.2,34.9,0,5,9.1,SSW,28,14:17,24.9,65,3,NNE,6,1013.2,31.7,44,7,SW,13,1012.7
19/02/2015,Th,19.7,32.4,0,8,12,SSW,35,17:52,26,57,1,ESE,6,1014.9,29.7,46,2,WSW,17,1013.3
20/02/2015,Fr,19.8,30.3,0,9.8,10.5,SW,41,18:05,24.5,52,1,SE,4,1015.2,26.5,51,1,SW,19,1012.7
21/02/2015,Sa,16.7,26.7,0,8.2,12.1,SW,39,16:50,21.1,61,1,SSE,9,1014.6,25.7,50,0,SW,17,1011.7
22/02/2015,Su,17.1,29.6,0,9,12.3,SW,41,14:59,22.8,62,1,SE,11,1014.9,27.5,49,1,SSW,22,1012.1
2/23/15,Mo,16.1,,0,10.4,,,,,21,46,0,E,17,1016.4,,,,,,
1/01/2015,Th,17.4,28.5,0,10.2,13.4,SSW,39,14:37,24,50,1,ESE,9,1011.3,24.6,51,1,SSW,20,1008.9
2/01/2015,Fr,15.5,26.3,0,9,8.1,SSW,41,16:06,20.1,64,7,S,17,1010.9,24.5,57,1,SSW,22,1009.8
3/01/2015,Sa,15.8,29.5,0,8.8,13.2,SW,41,15:53,21.6,44,3,SE,11,1015.9,24.8,45,3,SSW,24,1012.6
4/01/2015,Su,16.2,34.7,0,9.4,13.2,SW,35,16:11,24.9,43,0,E,9,1013.2,34.3,28,0,SW,19,1009
5/01/2015,Mo,23.2,44.4,0,10.6,11.3,NE,37,9:19,33.9,30,0,NE,17,1008.5,39.5,23,2,SW,17,1005.5
6/01/2015,Tu,21,34.6,0,14,12,SW,37,12:01,25.6,71,4,SSW,9,1009.4,31.1,48,2,SW,17,1007.2
7/01/2015,We,19.9,34.2,0,11.2,13.2,E,41,21:55,24.1,51,2,SSE,20,1011.5,33.7,29,1,SSE,15,1009.3
8/01/2015,Th,15.6,32.3,0,12.8,13.2,SE,43,17:24,20.5,42,0,ESE,17,1016.2,31.3,21,0,SE,17,1011.5
9/01/2015,Fr,15.2,30,0,12.6,13.1,SE,43,17:58,20.2,48,1,ESE,15,1016.9,28.5,27,1,ESE,20,1012.7
10/01/2015,Sa,16.2,30.6,0,11.4,13.2,ESE,41,1:12,22,45,1,E,19,1016.5,30.1,21,0,ESE,19,1011.9
11/01/2015,Su,16.6,32,0,12.2,13.2,SW,37,17:03,23.9,39,0,ENE,15,1011.7,29.8,25,0,SW,20,1008.1
12/01/2015,Mo,15.2,35.8,0,12,13.2,SW,39,16:38,27.8,25,0,ENE,11,1008.4,32.2,21,0,SW,22,1006.3
13/01/2015,Tu,15.3,35.5,0,12.2,13.2,SW,35,14:03,28.5,29,5,SSE,4,1008.9,31.9,28,1,SW,17,1007.4
14/01/2015,We,17,29.7,0,10.4,12.7,S,28,10:38,25,56,0,WSW,6,1010.9,26.8,52,0,WSW,13,1011.3
15/01/2015,Th,18.6,30,0,9.8,13.2,SW,43,17:06,23,53,1,SE,13,1016.5,26.6,48,0,SW,26,1013.9
16/01/2015,Fr,18.3,30.3,0,9.8,13.2,SW,39,16:51,24.8,49,0,ESE,7,1017.4,29.5,38,0,SSW,17,1014.1
17/01/2015,Sa,17.6,38,0,11.6,12,E,37,7:38,26,42,1,E,15,1012.2,37,27,4,WSW,13,1007.3
18/01/2015,Su,18.7,29.5,0,10.8,12.6,WSW,28,11:03,26.8,66,4,NNW,7,1008.7,26.3,61,7,WSW,15,1010.3
19/01/2015,Mo,19.1,27.6,0,9.6,12.3,WSW,24,12:17,24.1,59,6,SW,9,1012.9,26.1,50,5,W,11,1011.7
20/01/2015,Tu,16.1,38.9,0,9.6,13.1,SW,20,14:06,25.4,58,0,SSW,6,1013.7,38,27,0,WSW,9,1010.2
21/01/2015,We,19.8,35.8,0,10,10.2,SSW,39,10:32,32.2,21,1,S,15,1013,32.9,43,7,SSW,17,1012.1
22/01/2015,Th,22.6,29,0,10.6,6.2,SW,35,14:05,23.6,63,7,SE,13,1016.8,25.4,51,7,SW,20,1015.1
23/01/2015,Fr,15.9,30.4,0,8,13,SW,37,17:30,23.2,49,3,E,11,1015.4,27.6,47,3,SSW,19,1013.2
24/01/2015,Sa,16.4,29.6,0,10.8,12.7,SW,43,16:20,21.4,45,7,SSE,13,1016.4,25.9,51,6,SW,20,1013.6
25/01/2015,Su,17.2,33.3,0,9.6,13.2,ESE,35,3:50,22.8,48,1,ESE,17,1016.5,32.4,18,0,SE,13,1012.9
26/01/2015,Mo,16.7,37.1,0,11.2,13.2,ESE,39,2:53,23.1,45,0,E,15,1013.2,35.5,19,0,ESE,9,1008.3
27/01/2015,Tu,21.2,40,0,12.8,12.3,NE,33,9:26,30.2,27,1,ENE,13,1008.2,37.3,20,4,SSW,17,1005.2
28/01/2015,We,22.4,36.8,0,14.2,12.9,SW,28,13:17,31.7,31,2,W,9,1008.1,34.3,35,2,W,15,1005.2
29/01/2015,Th,23,33.9,5.2,10.6,7,ESE,35,4:59,23.9,89,4,SSW,7,1009.4,33.6,38,1,SSW,13,1007
30/01/2015,Fr,20.4,34.7,13.4,8.8,0.7,ESE,39,22:51,26.4,37,5,ENE,7,1011.5,33.4,25,6,E,9,1010.1
31/01/2015,Sa,19.5,31,0,10.6,2,E,39,2:32,23.7,51,8,E,17,1013.9,29.9,26,8,E,9,1013.1
1/12/2014,Mo,17.8,24.6,0,9.6,8.9,SSW,35,16:38,21.5,59,5,SW,17,1008.9,21.7,71,7,WSW,15,1008.4
2/12/2014,Tu,14.3,26.3,0,5.6,12.2,WSW,30,15:22,19.2,50,1,ESE,11,1014.8,23.9,42,7,SSW,17,1010.3
3/12/2014,We,13.1,26.9,0,8.2,11.6,SW,41,12:35,22.3,38,5,N,6,1010.3,23,53,1,WSW,20,1010.3
4/12/2014,Th,13.6,25,0,9.2,12.5,SW,37,16:15,21.1,51,1,S,13,1017,23.4,52,3,SSW,20,1014.8
5/12/2014,Fr,16.2,24.5,0,8.2,0.9,ESE,31,9:19,18.7,64,8,E,13,1016.6,24.1,50,8,SSE,9,1014
6/12/2014,Sa,14.2,29.2,0,4,13.4,SW,33,16:12,23.8,50,0,ESE,7,1014.1,25.1,49,1,SW,17,1011.5
7/12/2014,Su,14.7,30.2,0,8,12.8,SW,30,16:13,24.5,50,7,ENE,7,1010.6,28,41,3,WSW,15,1007.5
8/12/2014,Mo,18.1,24.7,0,9.6,11.1,SW,48,18:41,22.5,57,4,SW,20,1010,23.2,53,7,SSW,22,1010
9/12/2014,Tu,12.7,23.6,0,9.6,12.2,SW,48,15:35,18.4,52,6,SSE,15,1017.7,22.2,42,4,SSW,24,1016.6
10/12/2014,We,13,27.1,0,8,13.4,SSE,30,0:10,19.1,43,0,ESE,11,1022,26.1,37,0,SSW,17,1017.8
11/12/2014,Th,16.8,33.4,0,9.6,13.4,ENE,37,8:19,25.1,46,0,NE,20,1015.8,31.6,30,0,SSW,17,1010.9
12/12/2014,Fr,18.7,24.7,0,11.8,11.1,SSW,50,13:23,22.7,66,6,SW,20,1013,23,57,0,SW,28,1013.2
13/12/2014,Sa,13,24.9,0,9.8,13,SW,44,15:28,19.7,53,1,S,9,1019.3,22.8,46,0,SSW,24,1015.5
14/12/2014,Su,11.6,27.1,0,9.2,13.3,SSW,39,16:20,21.2,42,1,SSW,9,1015.4,23.4,45,0,SW,20,1012.2
15/12/2014,Mo,15.1,23.7,0,9,8.9,SSW,43,16:15,20.5,54,7,WSW,7,1013.6,21.5,52,6,SW,20,1012.4
16/12/2014,Tu,12.7,24.2,0,7.6,13.4,WSW,33,15:14,18.7,54,1,SE,9,1014.9,21.9,44,0,WSW,20,1011.9
17/12/2014,We,13.2,23.8,0,8.4,12.3,SW,44,16:44,19.2,50,1,SSE,15,1013.4,22.7,46,0,SSW,22,1011.8
18/12/2014,Th,15.7,30.2,0,10,13.4,SW,35,16:35,21.7,49,0,ENE,13,1017.3,27.6,36,0,SW,19,1013.8
19/12/2014,Fr,15.4,38.6,0,11.6,13.2,SSW,50,17:39,29.2,33,0,ESE,11,1012.5,33.6,28,1,SSW,19,1007.2
20/12/2014,Sa,20.6,26.9,0,11.6,13,SSW,52,17:04,24.2,61,1,SW,17,1008.1,25.7,50,0,SW,24,1008.5
21/12/2014,Su,16.3,28.8,0,11,13.2,SSW,41,16:19,22.3,48,1,SE,11,1017.4,27.2,45,1,SSW,19,1014.4
22/12/2014,Mo,16.5,29.3,0,10,13.1,SW,43,15:39,23.6,60,1,SE,9,1017.2,26.8,42,1,SSW,24,1014.5
23/12/2014,Tu,16.1,32.6,0,11.2,12.8,E,41,7:18,22.6,50,7,E,17,1018.3,32.1,24,3,SE,13,1015.2
24/12/2014,We,16.8,32.4,0,11.8,13.3,SE,44,22:28,23,49,1,ESE,11,1019,32,26,1,SE,11,1015.9
25/12/2014,Th,15.4,32,0,12,13.3,ESE,35,0:05,22.8,34,0,E,17,1021.7,30.8,25,0,SE,13,1018.2
26/12/2014,Fr,14.9,33.5,0,12.4,13.3,ESE,33,1:42,22.4,46,0,ESE,11,1020.8,32.6,17,1,SE,11,1015.6
27/12/2014,Sa,16.8,34.9,0,11.2,13.3,SSW,37,16:35,28.8,28,5,NE,17,1016.8,34,16,3,SW,19,1013.7
28/12/2014,Su,17.6,30.6,0,12,13.2,SW,41,16:16,25.9,42,0,SSE,9,1016.8,28,47,0,SW,17,1015.1
29/12/2014,Mo,19.1,34.4,0,12,13.3,SSW,35,14:04,26.7,38,0,ESE,13,1016.6,30.3,40,0,SSW,20,1013.1
30/12/2014,Tu,19.6,39.3,0,11,11.4,NE,46,9:13,33.3,20,6,NE,22,1009.6,34.6,17,3,WSW,17,1008.1
31/12/2014,We,19.2,27.5,0,12.2,9.5,SSW,37,15:09,21.3,74,8,S,13,1012.4,26.2,52,1,SSW,19,1010.5
1/11/2014,Sa,12,30.7,0,8,12.7,ENE,33,6:59,22,42,0,ENE,13,1018.2,29.8,23,0,WSW,9,1013.6
2/11/2014,Su,13.4,23.1,0,8,9.2,WSW,33,14:04,21.3,67,7,WSW,9,1012.6,21.7,60,7,W,17,1013.3
3/11/2014,Mo,13.4,22.9,0,5.4,11.5,SW,37,15:01,19.4,55,5,SSE,13,1020.8,20.6,39,1,SSW,22,1021.2
4/11/2014,Tu,10.3,27.8,0,7.2,12.6,SW,31,13:39,20.6,54,1,SE,9,1022.9,24.5,45,6,SSW,19,1019.7
5/11/2014,We,12.2,28.6,0,7.4,12.4,SW,35,17:05,21.1,56,2,SSW,9,1019,25.9,44,6,SW,13,1014.9
6/11/2014,Th,12.8,22.3,0,8,5.5,WSW,41,23:01,18.4,62,8,W,9,1012,20,58,7,NW,17,1008
7/11/2014,Fr,15.3,22.2,2.2,4.8,11.6,W,37,8:31,19.7,51,1,SW,17,1013.8,21.2,41,2,SW,17,1015.9
8/11/2014,Sa,11.8,26,0,8,12.8,SSW,37,14:05,19.5,53,1,E,9,1021.6,22.1,49,1,SSW,24,1019.3
9/11/2014,Su,12.6,37.8,0,8.2,11.9,E,30,6:51,24.9,42,0,SE,11,1016.4,37.1,15,3,E,9,1010
10/11/2014,Mo,16.5,24.2,2,7,8.9,NW,37,11:14,21,74,7,NW,13,1015.1,22.7,59,3,W,15,1012.8
11/11/2014,Tu,14.2,24.7,1.2,7,12.3,SSW,35,18:55,22.2,47,6,WSW,11,1016.7,23.8,52,3,WSW,15,1015.9
12/11/2014,We,14.8,22.5,0,7.6,6.9,SW,46,14:08,19.3,44,7,S,13,1018.4,19.3,52,7,SSW,22,1016.8
13/11/2014,Th,11,21.6,0,7.2,12.4,SW,44,14:23,15.6,49,2,S,20,1022.9,19.9,32,2,SSW,17,1021.1
14/11/2014,Fr,9.1,23.2,0,8.6,13.3,E,43,12:08,16.4,42,2,ESE,15,1026.9,21.2,42,1,SW,17,1022.6
15/11/2014,Sa,10.8,26,0,7.6,13,SW,35,15:51,19.8,46,2,NE,15,1021,23.7,33,4,SW,17,1015.8
16/11/2014,Su,11.1,30.7,0,8,12.2,SW,28,13:43,22.2,44,2,SSE,7,1014,28.6,28,4,SW,17,1010.4
17/11/2014,Mo,13.6,27.9,0,8,13.1,WSW,26,13:17,22.4,55,0,NNE,11,1012.8,25.6,44,7,SW,11,1010.9
18/11/2014,Tu,15.2,25.9,0,7.8,8.5,SW,33,21:02,23.7,48,6,SSW,9,1008.9,21.8,61,7,W,17,1010
19/11/2014,We,14.6,24.1,0,7.6,13.1,SW,37,12:43,20.9,55,1,SSE,9,1015.4,21.9,53,6,SW,20,1015
20/11/2014,Th,12.3,24.1,0,7.8,10.4,W,46,19:51,20.4,68,6,NW,17,1015,22.5,59,4,WNW,17,1012.8
21/11/2014,Fr,16.4,23.4,4.6,5.6,7.5,SSW,33,14:47,19.5,79,8,WSW,11,1012.7,22.1,52,4,WSW,17,1012.1
22/11/2014,Sa,13.8,23.6,1,5,8.9,SW,33,13:05,19.6,63,7,SSW,6,1014.2,22,48,4,SW,19,1014
23/11/2014,Su,16.6,23,0,7.2,11.2,SSW,41,10:05,19.5,56,6,SW,15,1017.4,20.9,47,1,SSW,19,1016.8
24/11/2014,Mo,11.8,27,0,8,13.2,SW,39,17:22,19.2,46,0,ESE,13,1022.1,23.4,42,1,SW,20,1018.1
25/11/2014,Tu,14.5,34.7,0,9.8,12.9,ESE,41,23:40,22.8,43,3,ESE,13,1018.4,33.8,18,2,ESE,11,1013.1
26/11/2014,We,19.3,33.9,0,9.2,3.5,NE,43,16:17,24.9,38,7,E,9,1012.1,27,43,7,SE,13,1006.8
27/11/2014,Th,19.3,27,11.4,4.6,5,NE,30,1:02,23.9,69,7,S,11,1011.3,22.6,80,6,SSE,13,1010.2
28/11/2014,Fr,18.4,24.9,1.4,3.2,6.7,SW,35,16:18,21.6,77,7,SW,13,1010.4,22.7,68,7,SW,17,1011
29/11/2014,Sa,18,25.4,0,6,9.9,SSW,35,14:44,20,65,7,S,11,1014.9,22.8,58,1,SSW,20,1012.6
30/11/2014,Su,14.8,26.2,0,8.6,13,SW,35,15:52,24.1,49,1,NNE,11,1009.8,23.8,56,7,WSW,15,1007.6
1/10/2014,We,11.6,28.9,0,5.2,7.3,ENE,31,9:33,22,49,1,ENE,13,1018.7,28,35,7,E,11,1013.9
2/10/2014,Th,16.4,24.7,0,5.8,9,SW,35,19:35,22.1,72,2,NNW,13,1013.9,21.7,71,5,W,15,1013
3/10/2014,Fr,11.1,22.4,0,5.6,11.4,SW,31,11:37,19.2,68,3,SSW,7,1019.2,22.2,54,3,SW,13,1017
4/10/2014,Sa,10.8,25.4,0,4.4,11.7,SSW,24,10:07,19.5,63,1,SSE,9,1017.5,24.5,33,1,WSW,11,1012.8
5/10/2014,Su,13,19.7,4.2,5.2,6.1,WSW,57,19:20,17.9,76,6,NW,11,1008.7,18.3,54,5,W,24,1010.2
6/10/2014,Mo,10.8,19.4,8.8,4.4,11.1,S,31,1:06,14.8,56,4,SSE,15,1023.5,18.2,48,2,WSW,15,1021.7
7/10/2014,Tu,5.8,22.2,0,5.4,11.5,SW,26,16:39,16.1,58,6,SSE,6,1020.2,20.6,42,6,WSW,15,1016.8
8/10/2014,We,7.7,21.7,0,5,11.1,SW,30,16:04,18.6,58,1,E,4,1016.9,19.8,55,3,W,13,1016.3
9/10/2014,Th,15.4,20.8,5,5.4,10.6,SSW,37,11:11,19.1,63,6,SSW,17,1021.6,20.3,47,1,SW,17,1021.9
10/10/2014,Fr,11.1,22.3,0,5.4,11.7,SW,31,15:55,17.5,63,0,SE,6,1024,21.7,51,1,SSW,15,1020.5
11/10/2014,Sa,9.7,21,0,6,9.6,SW,33,14:54,17.7,64,7,SSW,11,1020.6,19.5,51,5,SW,17,1018.1
12/10/2014,Su,11.4,21.8,0,5,6.6,ESE,26,10:44,16.4,70,7,SE,13,1021.9,20.9,47,6,SE,11,1020.3
13/10/2014,Mo,10.2,25.8,0,5.8,11.8,SW,31,14:36,16.5,51,0,ESE,13,1024.6,23,45,0,SW,19,1020.8
14/10/2014,Tu,9.8,30.9,0,5.8,11.8,SSW,33,16:49,22.7,29,0,ENE,13,1020.7,29,26,0,SSW,17,1017
15/10/2014,We,10.8,35.4,0,8,11.9,SE,31,21:31,25.5,32,0,E,7,1015.4,34.3,25,0,SSW,13,1010.3
16/10/2014,Th,16.2,27.8,0,9.6,11,W,39,15:38,24,46,1,NNW,7,1009,23.5,54,1,WNW,19,1009.8
17/10/2014,Fr,14.3,24.6,0,6.8,8.3,SSW,31,15:05,19.9,64,6,SSE,6,1015.5,23,50,6,SSW,17,1012.4
18/10/2014,Sa,16,25.2,0.6,6,7.7,ESE,37,20:54,21.2,64,5,ESE,13,1011,23.5,48,7,SE,17,1009.6
19/10/2014,Su,13.8,19.3,12,5.8,2.5,SSE,35,14:10,13.9,87,7,SE,9,1015.6,17.7,67,7,S,20,1013
20/10/2014,Mo,10.3,21.1,3,1.8,11.7,WSW,33,9:18,18.4,64,6,SSW,11,1018.1,19,62,7,SW,19,1018.6
21/10/2014,Tu,8.2,25.1,0,5.4,12,WSW,28,15:50,18.5,65,4,ENE,9,1022.6,23.7,49,4,SW,15,1019.2
22/10/2014,We,15,31.9,0,6.2,11.6,WNW,46,13:28,24.7,47,3,NNE,20,1014.3,22.3,68,4,NW,17,1012.2
23/10/2014,Th,14.3,23.4,2.2,6.4,10.4,SW,31,12:13,20.6,64,3,WSW,11,1015.7,21,62,4,SW,17,1016
24/10/2014,Fr,12.6,26,0,10,11.6,SSW,28,12:42,20.2,56,5,E,7,1017.9,24.1,47,2,WSW,15,1014.2
25/10/2014,Sa,13.4,22.3,0,6,5.3,WSW,31,12:28,20.4,57,7,WSW,17,1017.8,21.3,63,7,WNW,15,1017.7
26/10/2014,Su,16.2,22.3,0.2,5,8,WSW,35,11:07,20.8,52,6,SW,13,1022,21.1,51,2,SW,17,1021.7
27/10/2014,Mo,10.1,24.7,0.6,5.2,12.5,SSW,35,14:17,20,58,0,E,6,1023.2,23.1,53,0,SW,20,1019.3
28/10/2014,Tu,13.4,29.9,0,4.3,8.2,ENE,28,6:48,20.5,55,7,E,9,1016.3,26.8,47,7,SSW,15,1012.5
29/10/2014,We,17.8,27.9,0,7.2,9.8,SSW,30,15:49,22.3,59,7,SSW,7,1013.5,25.5,55,7,SW,15,1011.8
30/10/2014,Th,14.9,22.2,0,6,8.2,S,41,6:48,19.1,73,7,SSW,15,1014.5,20.4,54,7,WSW,17,1013.6
31/10/2014,Fr,14.9,23.8,0.4,5.4,11.2,SW,35,3:52,18.6,48,1,S,15,1017.1,22.2,47,4,SW,17,1015.6
1/9/2014,Mo,7.2,18.9,0,2.6,9.4,NE,30,11:23,13.4,65,4,E,11,1023.7,18.1,49,5,NNE,13,1020.6
2/9/2014,Tu,12.7,21.1,0,4.2,0,W,24,14:11,16.1,65,7,E,6,1016.5,20.1,64,7,W,7,1015.8
3/9/2014,We,12.3,20.3,0,2.2,3.8,E,22,17:11,15.2,79,5,S,11,1022.2,20,51,8,NE,9,1020.3
4/9/2014,Th,9.4,19.6,0,1.8,4.4,ESE,30,7:21,13.9,60,4,E,13,1020.4,18.9,55,7,SE,13,1015.9
5/9/2014,Fr,13.8,25.7,0,3.4,7.5,NE,30,9:27,18,64,7,NE,13,1012.8,24.7,52,6,W,11,1008.1
6/9/2014,Sa,14.7,22.9,1.6,3.6,3.5,NW,54,14:41,18.8,92,7,N,17,1003.8,21.8,64,6,NW,20,1003.3
7/9/2014,Su,15,18.9,6.6,3.4,2.6,WSW,61,23:53,16.7,66,7,WNW,9,1009.9,18.6,65,7,NW,13,1006.5
8/9/2014,Mo,11.8,17.6,8,5.2,6.1,W,69,2:51,15.8,59,7,W,19,1010.3,17,57,7,WNW,28,1010.3
9/9/2014,Tu,13.1,19.9,3,1.2,2.3,SW,39,0:25,15.4,90,7,SW,2,1018.1,19.1,55,7,W,13,1018.2
10/9/2014,We,14.5,21.4,0.2,3.4,4.9,SW,31,13:27,17.7,62,7,W,9,1021.1,20,57,7,W,15,1020.7
11/9/2014,Th,9.7,21.6,2.2,3.4,7.5,SW,24,13:31,15.4,84,6,NE,7,1024.7,20.3,59,5,W,11,1022.4
12/9/2014,Fr,7.9,23.7,0,2.4,11,SW,33,14:26,16.5,71,0,NE,9,1021.7,21.8,49,1,WSW,17,1018.4
13/9/2014,Sa,11,21.2,0.4,3.8,10.9,SSE,26,3:47,15.2,72,1,S,9,1022.7,20.4,48,1,WSW,13,1020.4
14/9/2014,Su,5.8,22.1,0,4,10.8,SW,28,16:49,15.6,67,4,ENE,7,1023.5,21.4,46,1,SW,13,1021.8
15/9/2014,Mo,10.3,22.8,0,4,10.8,SSW,30,18:56,16,76,3,ESE,9,1024.2,21.3,61,4,SW,15,1020.7
16/9/2014,Tu,11.9,24.6,0,6.2,10.9,E,33,9:03,16.6,61,0,E,17,1020.5,24.3,36,0,E,9,1015.6
17/9/2014,We,12,26.2,0,4.8,10.6,SW,31,13:54,19.4,53,1,ESE,6,1015.9,25.4,35,7,SSW,17,1012.7
18/9/2014,Th,11.2,24,0,5,10.8,SSW,35,13:18,18.5,66,0,S,11,1017.4,21.7,49,0,SSW,20,1016.7
19/9/2014,Fr,10.9,24.6,0,5.6,10.8,SSW,22,14:49,19.2,72,1,SE,7,1023,24.1,52,1,SW,11,1019.2
20/9/2014,Sa,13,34.2,0,5,11.1,N,46,13:58,23.2,37,0,NE,20,1014.1,28.1,43,0,WNW,22,1009.4
21/9/2014,Su,15.9,21.9,0,6.8,2,NNW,56,9:42,21.7,55,7,N,22,1004.5,14.4,94,8,NNW,4,1008
22/9/2014,Mo,9.4,18.1,35.8,1,10.1,SSW,35,2:38,14.1,63,1,S,15,1022.5,16.9,52,4,SW,17,1021.9
23/9/2014,Tu,6.5,17.1,0,4,0,SSE,17,11:13,12.9,65,8,ENE,4,1027.5,16.7,58,8,S,9,1025.2
24/9/2014,We,6.8,21.6,0,2.6,10.9,W,28,15:18,16.1,66,6,E,7,1025.7,20.8,48,3,WSW,11,1022.4
25/9/2014,Th,8.3,22.5,0,3.6,10.8,SW,24,13:05,16.9,66,6,W,2,1020.8,21.1,58,5,WSW,11,1018.2
26/9/2014,Fr,11.7,23,0,4,10.9,NNW,39,16:10,19,65,3,NNE,13,1016.5,22.1,47,2,WNW,17,1012.9
27/9/2014,Sa,15.4,18.2,11.4,4.4,3.1,SW,61,10:24,15.8,93,8,W,26,1006.2,16.5,69,2,WSW,22,1011.1
28/9/2014,Su,13.9,20.3,3.8,5.2,6.2,WNW,35,7:44,16.3,76,7,NW,9,1016.8,19.4,57,6,WNW,15,1016.5
29/9/2014,Mo,12.6,21.6,3.4,2.8,7.7,SW,31,12:04,16,93,7,NW,9,1017.6,20.6,65,5,W,11,1017.4
30/9/2014,Tu,12.2,23.4,0.6,3.8,9.7,SW,26,16:19,16.7,57,5,ESE,11,1023.7,21.8,53,1,SSW,11,1020.2
1/8/2014,Fr,3.9,17.7,0,2.4,9.5,ENE,33,10:50,10.4,65,0,ENE,13,1027.6,17.1,48,0,NE,13,1023.9
2/8/2014,Sa,4.7,19.7,0,2.4,9,SW,26,13:11,11.5,69,1,NE,6,1025.8,18.3,64,1,S,7,1025.9
3/8/2014,Su,3.8,19.8,0,2.2,9.5,NE,31,11:32,11.5,78,0,ESE,6,1032.9,19.4,47,0,NE,11,1029.8
4/8/2014,Mo,5.9,21.3,0,2.8,9.7,NE,28,10:13,13.9,58,0,NE,11,1032,20.9,37,0,ENE,9,1028.5
5/8/2014,Tu,5.2,24.2,0,4,9.7,NNE,37,10:10,15.8,43,0,NE,13,1028.7,23.6,28,0,NNE,9,1025.4
6/8/2014,We,6,26.6,0,4,9.7,NNE,30,10:11,15.5,47,0,NE,11,1024.7,26.2,23,1,N,9,1020.5
7/8/2014,Th,13.4,18.9,3.6,3.6,0.5,N,20,11:48,15.6,95,8,NNE,7,1023.3,18.4,79,8,NNW,7,1021.1
8/8/2014,Fr,12.9,21,1.2,0.4,8.4,SSW,22,15:22,13.9,99,1,ENE,6,1024.8,20.6,57,1,SSW,11,1023.5
9/8/2014,Sa,7,21.4,0,2.2,9.8,ESE,26,10:56,14.3,73,1,ESE,7,1029.5,20.9,49,1,E,9,1026.8
10/8/2014,Su,12.4,24,0,3.2,5.4,E,30,3:10,14.7,70,6,ESE,13,1027,22.3,50,6,E,11,1023.2
11/8/2014,Mo,14.2,23.2,0,4,8.4,E,39,22:48,16.3,65,7,E,13,1026.3,22.2,49,5,E,13,1023.9
12/8/2014,Tu,13.6,19.3,0,5.6,0.2,ENE,46,8:13,14.6,56,7,ENE,19,1027.8,18.5,48,7,ENE,17,1025.7
13/8/2014,We,14.6,20.5,0,4.8,4.2,NE,48,9:57,15.2,43,6,ENE,19,1028.5,20.1,38,6,NE,11,1026.7
14/8/2014,Th,14.8,23.6,0,4.6,3.7,NNE,35,10:35,15.9,35,8,NE,13,1027.9,23,29,6,NNW,11,1026.6
15/8/2014,Fr,8.7,23,0,2.8,9.9,E,26,10:07,16.2,62,1,E,7,1027.9,22.2,50,1,SSW,9,1025
16/8/2014,Sa,6.6,23.9,0,3,10,NE,19,12:30,13.7,78,1,NE,7,1023.8,23,43,4,N,6,1020.1
17/8/2014,Su,11.1,26.9,0,2.6,3.8,NW,63,22:09,16.6,66,7,W,9,1018.2,23.5,39,7,NW,17,1014.4
18/8/2014,Mo,12.5,19.7,12.6,4.8,4.8,WNW,46,14:11,14.2,90,7,N,15,1014.9,17.9,68,6,W,20,1013.5
19/8/2014,Tu,12.2,20,23.8,4.8,5.5,SW,30,3:06,13.8,98,8,Calm,,1017.7,19.3,60,2,WSW,13,1015.8
20/8/2014,We,12,19.4,0.8,1.6,4.8,NNW,30,10:10,15,88,7,N,7,1016.3,18.8,66,5,NW,11,1013.7
21/8/2014,Th,14.3,21.5,5.8,2.2,5.5,WSW,39,23:17,19.2,67,6,W,13,1011.5,16.8,87,7,W,11,1012.2
22/8/2014,Fr,14.3,19.8,5.8,3.8,8.2,SW,31,4:12,15.3,71,5,ESE,9,1022,18.8,42,3,SW,13,1021.7
23/8/2014,Sa,6.6,21.5,0,1,10.5,W,28,13:23,13.4,68,5,ENE,6,1024.5,20.1,45,3,W,11,1021.6
24/8/2014,Su,6.4,22.3,0,3,10.2,NW,24,14:47,14.1,70,7,WSW,7,1022,21.3,51,3,W,13,1020.8
25/8/2014,Mo,9.8,24.5,0,2.6,9.6,NNW,28,15:38,16.3,84,1,NNE,15,1022.4,23.5,52,7,NW,13,1020.1
26/8/2014,Tu,12.6,20.7,0,3,8.9,SSW,37,8:52,15.8,88,8,SSW,20,1023.3,19.3,59,3,S,11,1022
27/8/2014,We,10,21.4,0.2,3,9.2,WSW,26,15:15,14.9,81,6,ENE,6,1021.9,21,54,5,W,11,1019.2
28/8/2014,Th,11.1,24.3,0,4.2,5.9,NNW,33,12:43,15.4,68,7,NNE,9,1017.1,22.2,45,7,NW,17,1014.7
29/8/2014,Fr,14.3,22.3,0,4,4.2,NW,46,10:52,20.1,79,6,NNW,17,1013.3,18.8,84,8,WNW,15,1012.7
30/8/2014,Sa,14.7,18.7,51.2,2.2,1.3,S,28,8:44,15.3,95,7,S,11,1016.1,18.2,68,7,SSW,13,1015.7
31/8/2014,Su,10.4,18.1,2,1.6,4.2,SW,26,16:23,13,89,7,Calm,,1020.1,17.3,54,7,S,9,1019
1/7/2014,Tu,13.7,23,0,1.8,2.3,NNE,22,14:10,16.7,43,7,N,4,1022.8,21.9,54,7,NNE,11,1019.6
2/7/2014,We,16.5,19.5,11.2,2.2,4.3,SW,44,13:01,16.5,96,8,W,9,1013.8,18.8,63,3,WSW,19,1016.2
3/7/2014,Th,3,15.7,7.4,2.6,9.2,E,22,10:55,8.7,87,1,Calm,,1024.5,15.1,42,1,NE,13,1021
4/7/2014,Fr,3,21.1,0,2,5.5,NNW,33,13:51,9,80,3,NE,9,1019.2,19.2,65,7,NW,11,1017
5/7/2014,Sa,8.9,22.8,8.4,0.6,9.1,N,28,16:20,14.8,88,1,NNE,7,1021.3,22.6,54,5,NNE,11,1017.8
6/7/2014,Su,14.7,19.7,1.2,2.2,0.1,WNW,50,9:55,17.4,88,7,NNE,11,1011.6,14.3,83,8,WNW,11,1012.8
7/7/2014,Mo,11.7,18.1,17.6,1.4,2.5,NW,67,12:23,14.9,83,7,NW,15,1010.5,15.5,84,7,W,26,1005.7
8/7/2014,Tu,10.7,16.3,16.6,4.6,4.9,WSW,50,4:02,14.7,58,7,SW,17,1015.6,13.8,80,7,SSW,19,1017.6
9/7/2014,We,3.4,16.2,1.6,0.8,6.6,ENE,22,10:46,7.8,98,6,NE,2,1026.3,15.6,63,7,E,9,1023.8
10/7/2014,Th,2.8,17.8,0,1.8,8.8,NE,20,11:38,8.1,93,1,Calm,,1024.6,17.6,50,2,NNW,6,1020.8
11/7/2014,Fr,8.1,19.3,0,1.4,6.4,SSE,20,17:59,12.7,79,5,SSE,6,1023.2,18.1,53,3,SE,6,1021.9
12/7/2014,Sa,8.3,17.8,0.6,1.8,9.2,ENE,26,10:45,11.6,79,1,ENE,13,1026.9,17.7,49,7,ENE,7,1023.6
13/7/2014,Su,3.9,19.3,0,2.8,9.3,NNE,24,11:03,11.3,69,0,NE,11,1022.5,18.7,37,1,NNE,11,1017.1
14/7/2014,Mo,8.1,18.1,15.4,0.6,7.2,WSW,46,7:39,14.5,69,4,WSW,20,1012.6,17.2,49,2,W,17,1014.2
15/7/2014,Tu,10.1,18.9,2.2,3.4,6.8,SW,39,12:23,14.2,88,7,SSW,7,1020.8,17.4,66,6,SW,19,1020.4
16/7/2014,We,10.3,17,1.8,1.4,5.6,S,24,12:50,13.7,84,1,SSE,4,1026.5,16.4,54,2,S,13,1026
17/7/2014,Th,2.8,17,0,2.2,9.3,NE,28,12:37,8.2,89,1,SSE,2,1029.9,16.7,51,4,ENE,13,1026.3
18/7/2014,Fr,5.3,19.7,0,2.2,9.4,NE,26,10:44,11.5,74,1,E,6,1024.7,19.4,47,1,NE,11,1020
19/7/2014,Sa,5.4,20.1,0,2.2,6.4,WNW,33,16:49,12.2,70,6,NE,15,1017.3,19.3,46,7,NNE,13,1012.8
20/7/2014,Su,8.7,17.2,6,2.4,8.6,W,22,14:36,11,98,3,NE,4,1013.2,16.4,64,2,SW,11,1013.9
21/7/2014,Mo,8.7,16.6,3.4,0.8,3.7,N,33,12:17,12.7,88,4,WSW,9,1017.1,15.4,88,6,N,9,1013.7
22/7/2014,Tu,8.8,16.1,26.6,1.4,6,W,44,0:57,11.7,83,4,Calm,,1017.3,15.3,65,5,W,11,1017.7
23/7/2014,We,9,15.8,5.6,0.4,4.3,WNW,22,15:21,10.7,96,7,ENE,7,1022.8,13.2,86,6,WSW,9,1020.6
24/7/2014,Th,8.6,18.9,3.2,2.2,7.8,S,22,13:52,13.7,98,5,SE,7,1022,17.6,65,7,W,9,1020.7
25/7/2014,Fr,11,19.5,1.4,5.2,2.1,NW,43,17:37,14.1,91,5,N,11,1020.4,17.5,67,7,NNW,15,1018
26/7/2014,Sa,13.5,17.9,4.2,1.4,2.5,WSW,46,11:31,16.4,88,4,N,15,1015.1,16.4,76,6,WSW,15,1016.3
27/7/2014,Su,11.7,19,14,1.4,6.7,WNW,33,9:49,16,80,3,W,9,1021.6,18.2,66,5,W,17,1020.5
28/7/2014,Mo,13.8,19.3,0.8,1.8,5.9,W,31,8:00,16.3,80,7,WNW,6,1023.2,18.9,54,1,WNW,15,1021.7
29/7/2014,Tu,10.6,19.8,0.4,2.2,4.1,WNW,31,13:34,14.9,87,7,Calm,,1024.4,18.5,62,7,W,11,1022.9
30/7/2014,We,14.8,18.7,0,2.2,1.7,W,30,14:29,16.7,63,8,W,9,1022.3,18.4,58,7,WSW,15,1021.2
31/7/2014,Th,7.7,16.7,1.6,1.8,5.9,S,31,3:01,11.3,67,7,SSE,9,1027.6,16.2,49,0,ESE,9,1025.5
1/6/2014,Su,10.6,21.4,1,1.6,5.4,WSW,22,14:43,13.3,92,5,NNE,7,1018.5,20.5,61,4,W,11,1017.6
2/6/2014,Mo,13.2,21.7,1.2,0.6,6.8,SW,20,13:30,14.7,99,6,NE,4,1021.2,19,70,4,WSW,9,1019.4
3/6/2014,Tu,10.3,21.6,0.2,2.6,7.6,SSE,22,19:43,14.7,93,6,E,4,1023.2,19.9,67,7,Calm,,1020.9
4/6/2014,We,8.9,22.4,0,2,9.2,E,19,11:02,14.8,80,1,NE,7,1025.1,21.9,49,1,SSE,6,1022.6
5/6/2014,Th,8.8,24.6,0,1.8,9.2,NE,28,10:46,15.5,68,5,ENE,9,1025.8,24.1,35,3,NE,9,1023.3
6/6/2014,Fr,6.2,23.7,0,2.8,9.3,NE,28,10:55,13.8,66,0,ENE,4,1027.2,23.4,33,0,ENE,7,1024.7
7/6/2014,Sa,13.3,20.6,0,3,1.1,ENE,37,11:37,16.2,50,7,NNE,19,1023.6,20.2,45,8,NE,9,1020.4
8/6/2014,Su,12.2,20.4,0,3,0,NNE,22,11:15,16.4,51,8,NE,11,1018.3,20.3,39,7,N,9,1016.4
9/6/2014,Mo,14.2,23.8,0.8,1.2,2.6,NNW,24,14:17,16.5,78,6,NNE,9,1016.1,23.6,44,5,NNW,13,1012.8
10/6/2014,Tu,15.1,16.8,8.8,2.4,3.9,S,43,9:35,16.1,86,7,SSW,13,1013.4,15.7,67,4,SSW,19,1015.8
11/6/2014,We,4.7,17.4,0,2.2,9,SSE,26,14:06,9.9,85,1,S,2,1027,16.7,61,4,S,11,1025.6
12/6/2014,Th,5.6,18.6,0,1,8.3,ENE,22,11:14,11.2,84,1,SSE,9,1030.9,17.2,66,4,SW,11,1029.5
13/6/2014,Fr,2.9,17.9,0,1,8.7,SW,17,16:57,9.5,91,1,Calm,,1033.2,17.1,49,3,SSE,2,1030.2
14/6/2014,Sa,1.9,18.2,0,2.2,9.2,ENE,17,11:16,8.5,84,1,NE,7,1032.6,17.7,46,0,NE,2,1029.9
15/6/2014,Su,2.1,19.6,0,0.6,9.2,NE,20,10:51,8.7,86,1,NE,7,1030.7,19,45,1,NNE,11,1026.2
16/6/2014,Mo,3,21.7,0,2,9.2,NNW,31,13:54,11.5,69,0,NE,9,1023.5,21.3,35,0,N,15,1018.5
17/6/2014,Tu,7.3,18.6,0,2.4,1.3,NNE,50,12:27,17.2,51,7,NNE,20,1009.6,13.5,95,8,WNW,19,1006.3
18/6/2014,We,11.4,18.4,50.6,1.6,7.2,WSW,43,13:14,14.8,74,6,SW,11,1014.4,17.5,48,3,WSW,20,1015.8
19/6/2014,Th,8.1,18.6,3.4,2.2,2.4,NNW,20,11:52,11.6,98,7,ENE,6,1020.8,17.9,81,6,WNW,7,1018.7
20/6/2014,Fr,10.8,19.7,9,0.8,3.6,NNW,35,13:28,15.1,99,6,NE,7,1021,18.1,73,7,NW,13,1017.7
21/6/2014,Sa,10.9,19.8,0.2,0.6,3.3,SW,48,22:03,14.6,59,1,NNE,11,1010.9,15.7,88,8,WSW,17,1008.7
22/6/2014,Su,7.1,16.3,14.8,1.2,5.7,SW,35,10:01,10.5,96,3,NNE,2,1023.2,15.7,56,3,S,15,1024.7
23/6/2014,Mo,2.1,16.2,1,3,9.1,E,22,11:59,7.4,96,0,Calm,,1033.2,15.6,53,1,ENE,9,1029.8
24/6/2014,Tu,2.8,17.6,0,0.8,9.2,NE,20,12:36,9.4,85,0,E,7,1030,16.7,52,1,SSW,6,1026
25/6/2014,We,2.7,20.3,0,1.4,9.2,NE,15,11:13,9.6,85,0,E,4,1024.9,19.8,40,0,NNW,4,1020.1
26/6/2014,Th,5.9,20.6,0,1.6,6.9,SSW,52,21:11,17.6,65,1,W,15,1018.5,19.1,55,3,WSW,20,1018
27/6/2014,Fr,5.5,17.8,2.6,1.8,9,SW,30,13:07,11.1,94,1,Calm,,1027.9,17.2,50,1,S,17,1027.1
28/6/2014,Sa,2.6,15.6,0,2.2,9.1,ESE,20,14:31,8.6,78,1,S,4,1031.2,14.9,47,1,ESE,9,1027.3
29/6/2014,Su,4.8,16.2,0,2.4,3.5,ENE,44,11:08,9.7,71,7,E,6,1025.3,15.9,49,7,NE,9,1022.5
30/6/2014,Mo,9.7,22.4,0,2,5,NNE,28,13:56,14.2,52,7,NE,9,1022,22,40,2,N,13,1019.2
1/5/2014,Th,7.4,21.7,0,4.4,9.7,SW,31,17:22,15.5,74,1,SE,7,1028,20.8,48,2,S,11,1025.8
2/5/2014,Fr,6.5,20.9,0,3,8.8,SW,26,16:00,12.6,63,7,SSE,9,1031.4,20,38,5,S,6,1027.3
3/5/2014,Sa,7.1,23.6,0,3.4,7.2,NNE,20,10:43,15.1,72,3,SSE,11,1026,22,52,7,WSW,9,1020.8
4/5/2014,Su,13.1,22.1,0,2.6,0.1,NE,22,13:04,16,73,8,E,7,1019.1,21.7,53,8,ENE,9,1015.2
5/5/2014,Mo,14.1,19.8,1.6,2.2,0.2,NE,24,11:01,16,86,7,ENE,11,1015.4,19.4,67,7,ENE,7,1011.7
6/5/2014,Tu,15.1,22.9,0,1.2,0.4,NNE,24,14:24,18.5,79,7,ESE,9,1013,22.2,71,7,ENE,9,1009.7
7/5/2014,We,17.9,21.3,1.8,2.4,0,NNW,35,16:36,18.9,92,8,NNE,11,1008.4,21.1,82,8,N,11,1005.1
8/5/2014,Th,12.5,19.7,47.2,0.8,5.7,W,78,5:41,17.5,55,4,W,20,1006.4,14.6,84,7,W,17,1009
9/5/2014,Fr,13.3,22.1,4.6,3.4,8.8,W,37,10:35,19.6,71,6,W,11,1014.4,20.1,68,7,WNW,13,1014.3
10/5/2014,Sa,13,21.9,10,3.4,5.9,NW,20,13:30,15.5,96,5,SW,6,1019.9,21.4,64,3,NW,11,1018.1
11/5/2014,Su,11.2,23.8,0.6,1.6,9.3,WNW,24,15:35,16.8,86,1,NNE,9,1020.7,23,44,1,W,11,1017.4
12/5/2014,Mo,12.8,23.5,0.2,1.6,5.4,WSW,33,11:51,17.5,81,6,N,6,1017.8,19,88,8,WSW,19,1017.3
13/5/2014,Tu,12.7,22.3,2,0.7,7.4,W,24,12:37,15.9,91,7,NE,2,1021.9,21.1,52,6,WSW,13,1019.9
14/5/2014,We,13.2,21.6,0,3.8,,WNW,30,14:15,15.8,79,8,NNE,4,1019.9,20.4,61,6,WNW,7,1017.1
15/5/2014,Th,12.5,22.4,0,1.8,1.8,W,20,15:21,15.8,87,6,N,6,1017.5,21.2,60,7,W,9,1014.2
16/5/2014,Fr,11.2,22.9,0,1.2,7.1,SSW,22,14:32,15.7,88,3,NE,7,1017,21.8,61,3,WSW,11,1016.5
17/5/2014,Sa,10.6,23.3,0,2.2,9.2,W,22,14:29,15.1,88,2,NE,7,1020,21.9,63,4,NW,11,1017.9
18/5/2014,Su,12.7,21.3,0.2,1.6,1.9,WNW,28,13:28,17.6,87,6,NNE,7,1018.9,19,87,7,WNW,4,1017.5
19/5/2014,Mo,15.4,21.8,1.4,0.8,1.5,NNW,24,10:44,17.9,82,6,NNE,11,1018.8,21.2,81,6,NW,7,1017.5
20/5/2014,Tu,16,23,2.2,2,5.7,NW,31,13:15,17.8,91,7,N,9,1017,21.2,81,7,W,9,1014.9
21/5/2014,We,14.6,21.3,12.8,5.4,1.7,NE,20,13:38,16.8,95,5,NNE,9,1016,20.1,78,7,NW,9,1014.7
22/5/2014,Th,14.2,22.6,0.2,0.2,5.6,WNW,37,16:08,16.6,89,4,NNE,9,1014,22.2,69,6,NNW,11,1011
23/5/2014,Fr,14.6,21.2,38.6,1.8,6.1,NW,44,16:28,16.7,88,1,N,6,1008.8,19.7,59,3,WNW,20,1008.1
24/5/2014,Sa,14.9,20.5,11.6,2.8,2.7,WSW,52,13:16,17.3,75,7,NW,15,1010.2,18.5,66,7,W,17,1009.3
25/5/2014,Su,15.6,20.6,2.8,2.6,4.3,WSW,41,18:17,17.5,64,4,WNW,7,1014.4,20.3,58,6,W,15,1012.4
26/5/2014,Mo,13.5,20.6,5.4,2.2,0.8,W,33,20:58,16.1,88,7,Calm,,1016.8,19.4,55,7,W,9,1016
27/5/2014,Tu,14.5,19.9,0.4,0.2,0.6,WSW,35,14:15,16,93,8,N,7,1016.8,18.5,82,6,WSW,13,1015.4
28/5/2014,We,11.3,19.5,9,1,4.5,SW,31,13:05,14.7,82,3,SSE,6,1022.7,17.9,62,6,SSW,13,1021.9
29/5/2014,Th,9.4,20.2,0,2.2,8.4,SSE,24,11:10,13.7,91,4,Calm,,1026,18.4,58,3,SSE,11,1024
30/5/2014,Fr,6,19.1,0,2.4,8.7,NE,26,13:38,12.6,78,4,E,6,1026.1,17.9,56,6,NE,13,1023.2
31/5/2014,Sa,7.3,17,0,1.2,1.1,NE,31,12:10,13.3,68,7,NE,13,1021.7,17,59,8,NE,9,1018.4
1/4/2014,Tu,16.3,24,1,3.4,7.3,SW,31,17:19,17.2,72,7,SSE,15,1018.7,23.5,37,1,SW,13,1017
2/4/2014,We,11.4,25.2,0,6.2,10.8,SW,35,15:50,17.2,53,0,ESE,11,1023,24.4,36,0,S,11,1019.4
3/4/2014,Th,12,27.6,0,5.8,10.4,ESE,28,5:48,17.9,51,5,ENE,17,1023.1,26.2,23,6,S,9,1018.9
4/4/2014,Fr,11.9,30.2,0,6.6,6.2,S,28,18:40,21,44,7,ENE,7,1017.6,27.3,32,7,W,11,1013.9
5/4/2014,Sa,13.6,31.4,0,4,8.5,WSW,33,15:36,23.5,47,5,ENE,7,1011.6,26.8,44,6,SW,17,1008.1
6/4/2014,Su,14.8,25.8,0,5.2,9.7,SW,41,15:37,19,80,4,SE,7,1012,23.9,52,1,WSW,20,1010.1
7/4/2014,Mo,13.5,25.2,0,5.2,10.6,SSW,37,14:59,20.9,61,1,ESE,7,1016.3,22.9,56,1,SW,20,1014.8
8/4/2014,Tu,14.5,30.4,0,6.2,9.7,NE,30,11:18,20.4,63,4,ENE,13,1016.8,29.9,30,1,NNE,6,1012.5
9/4/2014,We,15.7,30.9,0,6,6.1,NE,31,11:13,23.9,43,6,NNE,15,1012.9,30,23,5,NE,15,1009.6
10/4/2014,Th,19.1,32.3,0,7.6,8.7,NE,35,10:48,25.5,47,3,NE,15,1014.6,31.2,26,5,NE,11,1011.9
11/4/2014,Fr,19.2,34.6,0,7.4,10.3,NE,30,9:59,25.8,45,1,ENE,9,1016.4,33.8,23,1,N,7,1012.7
12/4/2014,Sa,17.9,32.3,0,7.4,10.4,WSW,30,12:22,25.9,42,0,NNE,13,1016.2,31.3,33,0,W,11,1014.4
13/4/2014,Su,16.1,33,0,7,10.9,SSW,20,14:32,24.3,59,1,ESE,7,1019.1,31.7,35,1,WSW,11,1017.1
14/4/2014,Mo,16.1,29.2,0,5.4,10.5,SW,24,12:45,23.6,61,0,NNE,6,1020,27.3,58,1,WSW,11,1018.3
15/4/2014,Tu,15.7,25.4,0,6.2,8.7,SW,31,12:45,22.4,71,1,N,4,1021.4,24.1,55,1,SW,13,1021
16/4/2014,We,16.9,24.9,0,6.2,6.8,WSW,43,12:18,19.1,77,8,E,6,1023.4,23.7,59,3,SW,17,1020
17/4/2014,Th,10.4,25.3,0,2.8,6.8,SW,30,14:23,18.1,68,6,NE,7,1022.6,24.4,47,5,SW,15,1020.5
18/4/2014,Fr,15,28,0,4,9,SW,30,16:31,18.9,66,6,ESE,11,1021.8,26.8,37,6,SSW,7,1017.6
19/4/2014,Sa,13.4,25.2,0,6.4,10,SSW,31,15:54,18.3,70,1,SSW,11,1018.1,24.2,54,1,SW,17,1014.4
20/4/2014,Su,12.3,24.5,0,4.6,9.2,SW,37,15:50,19.1,66,4,SSE,4,1015.1,21.9,58,5,SW,15,1012.3
21/4/2014,Mo,12.3,22.9,0,4.6,10.3,SW,30,16:08,17.2,63,1,SE,11,1019.9,22.6,41,1,SW,17,1018.3
22/4/2014,Tu,7.7,23.7,0,4,10.5,SSW,28,14:51,16.7,52,0,ENE,7,1021.3,21.8,41,1,SSW,19,1017.6
23/4/2014,We,9,26,0,5.2,9.2,SSE,28,10:25,16.8,61,7,SE,11,1018.5,25.2,35,7,S,9,1013.6
24/4/2014,Th,16.3,24,0,5,1.6,NE,24,4:53,19.7,53,7,E,9,1010.4,22.8,52,8,SW,6,1007.9
25/4/2014,Fr,15.6,24.8,0.2,3,7.8,WSW,19,14:30,19.3,76,7,WSW,7,1012.7,23.7,56,6,W,9,1011.4
26/4/2014,Sa,15.2,23,0,2.4,1.2,ENE,28,10:15,21.1,67,5,ESE,7,1012.3,20.6,77,8,ESE,7,1006.6
27/4/2014,Su,17.4,23.6,13.4,2.8,7.9,WSW,50,20:08,20.9,82,7,W,7,1006.4,21.9,64,6,W,17,1007.3
28/4/2014,Mo,13.2,19.4,9.6,2.8,9,SSW,41,13:30,15.6,70,3,SSE,13,1018.6,18,49,4,SSW,19,1021
29/4/2014,Tu,7.5,20.4,0.4,3.6,7.7,SSW,20,16:29,14.5,66,5,NE,4,1026.7,18.8,58,6,S,7,1024.6
30/4/2014,We,11.8,22.4,0,2.2,8.9,SSE,28,14:48,16.6,62,1,E,7,1025.6,21.1,38,1,S,13,1023.1
1/3/2014,Sa,16.4,38,0,11,11.9,NNE,35,8:26,29.1,27,0,NE,19,1015.9,37.3,11,0,SW,11,1013.1
2/3/2014,Su,16.7,37.5,0,11.6,11.9,W,28,14:52,29.3,23,6,NNE,7,1014.9,34.9,15,5,W,17,1012.1
3/3/2014,Mo,17.4,30.8,0,10.4,10.6,SSW,41,15:45,24.6,58,6,SSE,7,1015,27.2,56,1,SSW,19,1013.6
4/3/2014,Tu,17.3,32.7,0,8.8,11.8,SE,39,23:36,21.6,59,0,SSE,17,1021.9,31.6,21,3,SE,13,1018.1
5/3/2014,We,17.2,32,0,9.6,11.7,NNE,31,0:38,21.9,54,1,ESE,15,1021.2,31,27,1,SSE,13,1016.5
6/3/2014,Th,17.1,35.5,0,8.4,11.6,SE,31,15:03,22.9,49,1,E,15,1016.7,34.3,29,0,E,11,1012.3
7/3/2014,Fr,22.9,37.7,0,11,11.4,ENE,33,2:28,28.7,41,2,NE,13,1012.3,35,27,3,W,13,1009
8/3/2014,Sa,20.7,25.7,0,11.8,6.7,SSW,35,18:49,21.9,64,8,SW,15,1015.6,25.1,54,5,SW,17,1013.6
9/3/2014,Su,14.3,25.1,0,5.8,11.5,SSW,43,16:10,20.8,47,2,SSE,15,1018.9,23.7,40,0,SSW,22,1016.6
10/3/2014,Mo,13.3,28.8,0,8,11.2,SSW,39,16:56,21.2,57,1,ENE,11,1019.7,25.9,47,1,SSW,19,1016.9
11/3/2014,Tu,16.7,33.6,0,8.4,11,SE,33,22:06,22.4,50,1,E,13,1022.3,32.9,25,2,ESE,11,1018
12/3/2014,We,20.2,37.5,0,10.8,9.8,NE,33,1:55,26.3,42,7,ENE,17,1017.6,36.1,23,7,S,13,1013.1
13/3/2014,Th,21.6,26.9,0.2,9,2.1,SW,30,16:57,24,78,7,Calm,,1012,25.6,58,7,WSW,13,1011.6
14/3/2014,Fr,16.2,24.8,0,4.8,10,SSW,46,16:04,19.6,68,6,S,20,1018.5,23.4,50,1,SW,24,1016.7
15/3/2014,Sa,10.3,24,0,6.4,11.1,S,35,15:04,18,54,1,ESE,7,1021.8,22.3,49,5,SW,19,1018.8
16/3/2014,Su,13.7,26.8,0,6.2,9.9,SSW,35,17:58,20.3,56,1,S,7,1020.1,25,51,1,SSW,17,1016.9
17/3/2014,Mo,15.6,28.5,0,7.2,11,SSW,30,16:51,21.3,65,5,SW,7,1017.7,27,53,2,SW,17,1015.1
18/3/2014,Tu,16.1,30,0,7.8,11.1,SSW,31,16:25,22.7,63,1,SSE,6,1020.4,29.2,45,1,SSW,15,1018.4
19/3/2014,We,17.3,31.9,0,6.6,11,SSW,31,15:16,24.7,57,0,Calm,,1021.2,29.7,41,1,SSW,17,1018.1
20/3/2014,Th,18.9,31.6,0,8,10.8,ESE,50,23:26,22.1,58,1,SE,17,1022.2,30.6,30,2,SE,19,1017.5
21/3/2014,Fr,16.2,28.1,1,9.6,9.2,SE,43,0:23,18.7,69,5,E,15,1018.3,27.3,43,1,SE,19,1014.3
22/3/2014,Sa,18.7,31.7,0,8.2,9.4,ENE,44,21:23,23.7,55,7,E,11,1015.6,31.4,37,8,E,17,1013.4
23/3/2014,Su,20.7,33.9,0,10.8,10.9,ENE,41,9:54,24.5,53,2,E,17,1018.7,33.1,33,6,NE,19,1015.6
24/3/2014,Mo,22.3,34.2,0,8.8,9.4,SW,31,15:55,28.1,42,7,NE,17,1017.3,27,58,7,WSW,19,1017
25/3/2014,Tu,21.5,27.5,0.2,7.4,0.6,SSW,43,15:02,23.2,75,8,WSW,9,1019.9,23.7,73,8,SSW,24,1018.2
26/3/2014,We,20.4,30.6,0.4,4.6,1.2,SSE,22,0:12,24.3,54,7,E,2,1017,27.4,37,7,W,11,1016
27/3/2014,Th,17.8,28.4,0,4.2,10.3,SSW,35,16:48,22.4,68,1,SSE,11,1018,26.4,57,1,SSW,17,1015.5
28/3/2014,Fr,18.3,33.5,0,6.8,10.9,WSW,28,15:25,23.2,61,0,ESE,7,1017,30.4,39,4,WSW,15,1012.3
29/3/2014,Sa,19.6,24.9,0,6.6,2.3,SW,41,16:58,21.5,74,8,W,9,1010.3,23.8,65,7,NW,15,1007.9
30/3/2014,Su,17.3,23.5,5.2,3.6,4.5,WSW,30,14:23,19.2,53,8,W,11,1013.5,20.8,59,6,WSW,13,1013.2
31/3/2014,Mo,15.4,23.4,0.4,3,3.9,SW,26,15:04,17.1,88,7,NNE,11,1015,23.4,47,7,SW,13,1012.9
1/2/2014,Sa,18.4,28.5,0,9.2,12.9,SSW,43,14:23,23.6,58,1,SSW,13,1008.4,25.5,53,1,SSW,24,1006.7
2/2/2014,Su,16.8,32.5,0,10,12.9,SE,44,22:33,22.7,51,1,SE,17,1012.7,31.7,30,0,SE,15,1009.8
3/2/2014,Mo,16.9,33.8,0,11.4,13,ESE,44,7:40,22.1,46,1,E,19,1015.8,32.2,27,0,ESE,11,1011.2
4/2/2014,Tu,21.4,37.5,0,12,12.8,E,31,8:59,28,38,1,ENE,19,1011.9,35.5,26,1,SW,19,1008
5/2/2014,We,21.7,32.3,0,12,12.7,SW,37,15:57,27.2,48,3,SW,6,1011,29.7,51,2,SW,17,1009.6
6/2/2014,Th,20.2,32.2,0,9.6,12.7,SSW,35,18:38,25.2,58,1,SSE,9,1012.9,30.6,46,1,SW,19,1009.4
7/2/2014,Fr,19.5,30,0,10.8,12.7,SSW,44,16:06,23.8,55,0,SSE,13,1012.3,26.8,50,0,SSW,24,1009.7
8/2/2014,Sa,15.1,29.3,0,10.6,12.8,S,43,16:04,20.2,54,1,SSE,15,1016,25.5,45,0,SSW,22,1012.3
9/2/2014,Su,15.5,33.1,0,10.4,12.6,E,41,0:10,20.8,46,0,ESE,17,1014.2,32.2,21,1,ENE,11,1009
10/2/2014,Mo,18.2,29.2,0,9.4,12.6,SSW,52,16:06,22.9,50,1,S,13,1007.9,25.8,56,1,SSW,22,1005.9
11/2/2014,Tu,17.6,33.3,0,10.4,12.5,SSE,39,8:39,23.4,51,2,SE,15,1009.2,32.8,34,1,ESE,15,1004.9
12/2/2014,We,20.2,34.2,0,11.8,11.1,E,33,13:57,24.6,59,5,E,15,1007.6,32.7,34,5,ESE,13,1005.5
13/2/2014,Th,20.5,34.6,0,9.4,12.6,SE,31,0:55,24.6,60,1,E,13,1011.1,34,35,1,S,11,1007.2
14/2/2014,Fr,19.6,32.3,0,10.4,12.6,E,31,0:28,25.3,55,0,E,7,1009.8,30,44,1,SW,15,1007.1
15/2/2014,Sa,19.2,32.3,0,8.8,12.6,SW,28,12:54,25.8,49,1,Calm,,1008,30.5,32,1,SW,15,1005.9
16/2/2014,Su,17.1,28.9,0,10,7.5,W,39,15:31,22.5,74,2,S,11,1011.4,25.2,47,6,SW,20,1011.6
17/2/2014,Mo,17.3,33,0,7.6,12.4,SW,35,16:33,24.3,56,1,ESE,13,1017,29.9,44,4,SW,15,1013.8
18/2/2014,Tu,18.4,35.3,0,10,12.5,ENE,33,7:17,23.7,44,0,E,11,1017.9,34.9,18,0,ESE,13,1013.4
19/2/2014,We,17.5,37,0,12,12.6,SE,37,0:44,24.1,47,0,E,17,1015.7,35.5,20,0,SSE,15,1011.9
20/2/2014,Th,21.5,37.4,0,13,12.3,ENE,39,23:09,27.7,37,4,ENE,13,1016.3,36.3,16,3,E,11,1014.1
21/2/2014,Fr,19.7,34.9,0,13.8,12.2,E,39,1:47,26.3,38,1,ENE,19,1019.1,34.1,20,1,E,17,1016.1
22/2/2014,Sa,23.8,35.3,0,12,10.8,SSW,35,16:13,28.2,34,1,ENE,13,1018.9,34.6,22,3,ENE,9,1014.5
23/2/2014,Su,18.5,35.3,0,10,12.2,S,37,17:06,29.4,36,0,NE,9,1016.3,33.9,26,1,SW,19,1013.4
24/2/2014,Mo,17.2,34.2,0,10.6,12.2,WSW,41,16:27,28.1,36,0,SSW,7,1016.8,32.1,30,0,SSW,19,1014.8
25/2/2014,Tu,19.7,31.8,0,12,12.2,SE,33,21:53,24.2,54,1,ESE,11,1020.1,31.1,27,0,SSW,11,1016.7
26/2/2014,We,15.9,30.6,0,10.8,12.2,E,37,8:17,20.8,46,0,ENE,15,1021.2,29.2,23,0,ESE,15,1016.2
27/2/2014,Th,16.9,34.6,0,12.2,12.1,SSW,33,16:07,23.8,42,0,ENE,17,1018.3,33.8,24,0,SSW,9,1014.5
28/2/2014,Fr,17.5,36.6,0,9,12.1,NE,37,11:42,27.5,29,0,ENE,13,1018,35.9,13,0,NE,9,1014.6
1/1/2014,We,16.9,26.1,0,9,12.6,SW,41,13:18,22.6,56,4,S,11,1009.1,23.9,42,1,SW,20,1010.2
2/1/2014,Th,12.6,25.7,0,9.2,7.9,SW,37,13:20,20.5,56,7,SW,11,1017.5,24.1,48,5,SW,19,1017.7
3/1/2014,Fr,14.3,26.5,0,7.2,13.1,SW,46,16:00,20,47,0,SE,11,1022.4,24.3,44,0,SSW,22,1018.5
4/1/2014,Sa,14.9,27.3,0,9.4,13.2,SW,41,14:08,21.8,44,1,SSE,13,1018.5,24.4,45,1,SSW,22,1015.9
5/1/2014,Su,15.9,31.8,0,9.8,13,SSE,33,8:35,20.5,55,0,ESE,17,1018.7,29.1,36,0,SSW,19,1014
6/1/2014,Mo,16.3,39.1,0,10.2,12.6,SW,37,17:18,29,35,1,ENE,15,1011.6,37.9,19,2,SW,15,1008.3
7/1/2014,Tu,19.7,26.9,0,11,12.6,SW,35,16:07,23.5,70,1,WSW,13,1014.2,24.5,56,1,WSW,17,1014.4
8/1/2014,We,17.5,28.4,0,10,11.8,SW,35,15:09,23.1,59,2,S,15,1017.9,25.8,51,7,SSW,20,1015.6
9/1/2014,Th,17,30,0,8,13.2,SW,43,17:53,23.4,55,0,S,7,1016.7,27.3,55,0,SSW,17,1014.4
10/1/2014,Fr,16.7,34.2,0,9.8,13.2,SW,43,15:02,26.5,49,0,E,9,1017.2,30.6,44,0,SSW,22,1014.8
11/1/2014,Sa,22.6,43.3,0,12,13.1,NE,33,8:19,30.7,34,0,ESE,13,1015.7,42.5,12,0,SE,11,1010.4
12/1/2014,Su,29.7,41,0,16,12.2,NW,37,11:46,39,13,1,N,17,1007.4,33.1,33,1,WSW,17,1008
13/1/2014,Mo,20.9,27.8,0,13.2,9.4,SW,39,18:22,23.5,67,7,S,15,1010.7,25.3,51,4,SW,20,1009.8
14/1/2014,Tu,15,26.7,0,10.2,13.1,SSW,37,16:14,21.7,50,0,SE,9,1012.9,25,44,0,SW,19,1010.3
15/1/2014,We,16.1,25.6,0,9.4,12.4,WSW,41,21:46,23.4,53,2,NNE,4,1008.5,24.3,49,3,W,19,1008.7
16/1/2014,Th,18.7,25.6,0.2,9.6,13,SW,41,14:48,22.7,51,4,SSW,11,1012.8,23.7,46,1,SSW,22,1012.3
17/1/2014,Fr,15.8,31.6,0,10,13.1,S,35,17:19,22.2,50,0,ESE,13,1014.5,28,44,0,SW,19,1010.5
18/1/2014,Sa,15.5,37.1,0,9.4,13.2,SSW,39,15:33,28,35,0,ENE,13,1012.5,35.3,25,0,SSW,17,1009.7
19/1/2014,Su,22.2,38.7,0,13.2,13.1,SW,46,16:42,30.3,32,0,E,11,1011.4,35.8,24,0,SSW,24,1007.9
20/1/2014,Mo,20.4,38.3,0,13.4,13.1,NE,41,9:11,26.3,45,0,E,13,1010.4,38,21,0,ESE,13,1006.5
21/1/2014,Tu,20,38,0,15.2,13.2,E,43,8:10,26.1,49,0,ESE,17,1008.8,36.7,26,0,SE,15,1004.6
22/1/2014,We,23.8,37.2,0,11,13,SE,39,14:54,29.7,48,1,ENE,19,1007.3,35.9,29,4,SE,17,1003.3
23/1/2014,Th,22.7,36.2,0,12,13.1,SE,54,17:02,28.2,52,1,SSE,11,1007.8,35.9,29,3,SE,22,1006
24/1/2014,Fr,23.2,32.6,0,13.4,9.3,ESE,50,11:58,24.6,57,7,ESE,17,1014.9,31.7,35,2,E,17,1010.8
25/1/2014,Sa,24.6,36.7,0,11.4,10.9,SW,33,18:55,28,54,6,NE,17,1010.5,35.2,37,3,SW,15,1006.4
26/1/2014,Su,23.5,31,0,10.6,12.9,SSW,41,15:03,27.6,59,1,SSW,13,1010.9,28.3,49,1,SSW,24,1008.5
27/1/2014,Mo,18.5,26.4,0,10.2,11.2,SSW,46,15:18,22.1,72,5,SW,13,1011.3,24.8,46,1,SSW,24,1010.8
28/1/2014,Tu,15.9,31.5,0,9.2,13.1,SSE,39,10:38,20.9,47,0,SE,13,1017.9,30.4,27,0,SE,13,1013.7
29/1/2014,We,16.6,33.5,0,11.6,13,SSE,41,0:47,23.5,46,0,E,15,1013.7,31.6,36,1,SW,17,1009.5
30/1/2014,Th,19,34.6,0,10.6,13,SW,31,19:04,28.6,37,2,SE,6,1009.9,32.9,34,1,SSW,17,1007
31/1/2014,Fr,21.1,29.7,0,9.6,10.7,SSW,39,17:18,26.1,59,6,NNW,9,1007.4,26.3,58,1,SW,17,1006.6