Date,Day,Minimum temperature (째C),Maximum temperature (째C),Rainfall (mm),Evaporation (mm),Sunshine (hours),Direction of maximum wind gust ,Speed of maximum wind gust (km/h),Time of maximum wind gust,9am Temperature (째C),9am relative humidity (%),9am cloud amount (oktas),9am wind direction,9am wind speed (km/h),9am MSL pressure (hPa),3pm Temperature (째C),3pm relative humidity (%),3pm cloud amount (oktas),3pm wind direction,3pm wind speed (km/h),3pm MSL pressure (hPa),
1/02/2015,Su,19.3,26.6,0,9.4,7,SE,37,13:06,22,75,7,SSW,9,1009.5,24.2,55,6,ESE,19,1009.3,
2/02/2015,Mo,18,25,3.4,6.6,8.7,SSE,61,15:13,19.6,81,7,SSW,19,1015.5,23.4,59,2,S,35,1015.9,
3/02/2015,Tu,18.5,26.5,1,8.6,9.8,SSE,43,13:13,20.1,72,5,SW,17,1020.1,25.7,45,2,SE,24,1017.5,
4/02/2015,We,17.3,25.6,1.2,6.4,6.6,SSE,43,14:00,20.1,70,7,W,15,1015.7,22.9,58,6,SSE,30,1015.7,
5/02/2015,Th,18.6,24.3,7.4,7.2,0.5,ESE,46,1:03,21.9,59,7,ESE,20,1023.2,22.5,54,7,ESE,13,1024.1,
6/02/2015,Fr,17.6,25.6,0.2,4.2,7.8,ESE,31,10:20,20.5,80,7,W,9,1027.7,23.6,53,7,ESE,15,1026.2,
7/02/2015,Sa,18.8,26.5,0,5.4,6.9,ENE,35,16:38,20.3,77,8,WNW,9,1025.2,26,50,4,ENE,22,1021.8,
8/02/2015,Su,18.9,32.1,0,5.6,12.2,E,26,12:45,23.3,71,0,W,9,1018.9,28.3,58,1,E,22,1017,
9/02/2015,Mo,22.7,25.9,0,8,1.2,S,46,4:25,23.7,76,7,S,20,1023.8,25.3,66,7,SE,20,1023.9,
10/02/2015,Tu,21.5,28.2,0,5.8,7.7,ENE,33,18:42,24,82,5,WNW,6,1024.6,27.7,65,3,E,19,1023.1,
11/02/2015,We,22.8,28.6,0.2,5.8,11.3,ENE,41,17:47,25.8,72,6,ENE,17,1023.6,27.1,59,2,E,28,1021,
12/02/2015,Th,21,28.8,0,8,10,ESE,37,15:36,26.1,62,1,SE,4,1021.8,27.6,61,5,ESE,26,1021,
13/02/2015,Fr,20.4,28.1,6.8,7.8,4.6,ENE,31,19:52,22.1,94,7,WNW,7,1024.2,25.1,61,5,ESE,19,1023.3,
14/02/2015,Sa,20.4,27.2,4.4,5,6.7,ENE,39,13:20,23.1,82,2,W,7,1023.1,26.9,55,7,NE,17,1019.9,
15/02/2015,Su,20.3,29.4,0.6,5.6,8.8,NE,37,18:11,22.4,85,7,N,4,1017,26.4,59,3,ENE,20,1014.8,
16/02/2015,Mo,22.1,28,0,8,11.1,NE,46,17:20,25.4,62,3,NE,19,1016.9,26.8,57,7,NE,28,1015.7,
17/02/2015,Tu,21.9,27.8,0,8.4,12.2,NE,48,15:24,25.7,59,3,NNE,19,1019,26.1,56,2,ENE,31,1017.6,
18/02/2015,We,22.2,27.6,0,10.4,12.2,E,41,14:20,26.4,59,2,NE,9,1019.9,26.7,60,2,E,28,1019,
19/02/2015,Th,22.2,27.6,0.2,9.6,5.1,ENE,39,15:45,23,88,7,ENE,11,1021.8,25.8,63,5,E,17,1019.4,
20/02/2015,Fr,21.7,26.8,0,5,1.8,NE,43,22:22,23.8,82,7,W,6,1018,25.6,67,7,E,9,1016.2,
21/02/2015,Sa,20.5,25.6,1,2.8,0,ENE,37,23:42,22.9,88,8,SSE,6,1017.1,24.5,74,8,ESE,15,1016,
22/02/2015,Su,20.7,27.4,1.2,3.4,10.7,E,31,3:02,23.8,82,3,ESE,4,1017.7,26.8,62,6,E,20,1016.9,
2/23/15,Mo,22.4,,0,6.6,,,,,24.1,76,5,NNE,15,1016.9,,,,,,,
1/01/2015,Th,21.4,28.4,0,6.8,11,ENE,43,15:55,25.2,68,1,NE,15,1014.5,27.5,69,3,NE,24,1011.4,
2/01/2015,Fr,21.2,28.5,0,9.2,3.6,S,37,1:23,23.2,78,7,S,17,1018.8,26.3,76,7,ESE,17,1017.7,
3/01/2015,Sa,22,28.8,0,4,12,NE,48,18:22,26.3,76,3,E,15,1020.2,27.7,70,1,NE,22,1017.5,
4/01/2015,Su,22.4,30.4,0,10.2,8.9,SSW,52,18:59,26.9,69,1,E,11,1015.9,27.1,66,7,NE,15,1012.8,
5/01/2015,Mo,20.5,26.3,0.2,10,3.4,S,35,2:22,21.8,82,7,SSW,9,1019.4,25.9,66,7,ESE,15,1018.7,
6/01/2015,Tu,21.3,28.2,0.2,4,11.8,E,26,15:33,24.4,80,5,SSE,11,1020.7,26.8,64,3,E,17,1019.9,
7/01/2015,We,22.8,29.3,0,6.6,12.4,NNE,44,15:32,27.1,64,3,E,17,1020.6,27.9,50,1,NE,22,1018.3,
8/01/2015,Th,21.2,28,0,9.2,13,,,,25.8,55,1,N,6,1016.1,27.4,55,1,NE,31,1011.7,
9/01/2015,Fr,21.8,29.9,0,13.6,8.7,NE,48,14:50,25.7,72,1,E,13,1010.6,26.9,64,2,ENE,31,1007.8,
10/01/2015,Sa,22,28.7,0,7.4,1,,,,24.3,81,7,ESE,2,1010.8,25.2,78,8,ENE,13,1009.1,
11/01/2015,Su,20.6,22.9,21,7.4,0,S,33,0:42,21.1,96,8,ESE,19,1013.6,21.1,92,8,S,13,1012.6,
12/01/2015,Mo,20.4,24.4,9.6,,3.3,S,56,12:08,22.9,76,7,SSE,22,1014.7,22.9,78,7,S,30,1013.3,
13/01/2015,Tu,18.9,28.8,4.8,5.4,7.5,NNE,43,17:49,21.2,94,6,WSW,6,1010.2,24.5,77,5,ENE,20,1005.6,
14/01/2015,We,21.1,34.2,0,6.2,12.7,WSW,54,18:07,28.6,55,1,WNW,6,999.1,33.4,32,2,WNW,28,997.2,
15/01/2015,Th,22,29,0,11,11.7,W,35,6:26,26.1,45,2,WSW,11,1004,24.8,57,1,ESE,24,1004.2,
16/01/2015,Fr,21.2,27.6,0,8.2,12.9,ENE,33,17:29,24.7,67,3,WSW,6,1008.6,26.6,63,2,E,22,1005.8,
17/01/2015,Sa,20.7,35.7,0,3.2,13.4,WNW,39,12:30,27,35,0,W,7,1008,33.5,23,1,E,24,1005.2,
18/01/2015,Su,20.7,29.1,0,10.2,11.8,ESE,39,16:43,24.5,73,5,SSW,13,1011.7,28.6,43,6,ESE,20,1010,
19/01/2015,Mo,20.9,22.7,0,10.4,0.1,SE,44,4:58,21.7,66,8,SSE,28,1014.9,21.7,61,8,SE,24,1015.2,
20/01/2015,Tu,18.1,24.8,6.2,3.4,7.3,ENE,48,9:39,20.3,88,8,ENE,20,1014.3,23.9,64,5,NE,26,1011.9,
21/01/2015,We,19.7,28,18,7.4,10.5,E,59,4:07,24.4,78,5,SSE,2,1011,27.1,61,3,E,20,1010.6,
22/01/2015,Th,22.5,28.3,0.2,8.4,11.7,ENE,37,16:06,26.4,68,5,ESE,9,1014.5,27.5,58,1,E,19,1012.1,
23/01/2015,Fr,22.4,29.1,0,8,10.5,NNE,52,16:35,25.8,74,7,NE,11,1010.1,28.7,61,2,NE,30,1007,
24/01/2015,Sa,22.7,29.1,0,9.2,9.8,NE,43,12:06,26.7,69,1,E,15,1008.1,28.3,54,1,NE,24,1004.9,
25/01/2015,Su,21.6,34.4,1,8,11.2,S,59,18:31,25,77,2,W,6,1003.1,31.2,44,5,E,19,1001.6,
26/01/2015,Mo,20.2,20.4,0.6,10.6,0,SSE,35,23:01,20.4,84,8,SSE,20,1013.2,19.7,88,8,S,17,1013.3,
27/01/2015,Tu,18.9,20.4,33,5.4,0,ESE,37,0:47,19.2,96,8,ESE,20,1013.3,20.2,93,8,E,13,1012.5,
28/01/2015,We,17.3,20.5,57,7.2,2.3,S,43,17:54,17.9,95,8,SSE,17,1013.3,18.2,92,7,SSW,6,1013.5,
29/01/2015,Th,14.6,24.3,14,2.8,12.2,S,57,13:18,19,54,3,SSW,17,1012.9,22.1,47,3,S,35,1011,
30/01/2015,Fr,15.2,27.3,0,8.8,11.2,WSW,48,12:45,19.6,43,1,WSW,20,1009.4,26.8,28,3,WSW,17,1005.4,
31/01/2015,Sa,17,26.1,0,5.8,11.7,ESE,26,12:11,21.4,59,2,WNW,9,1008.1,24.2,42,2,ESE,19,1005.8,
1/12/2014,Mo,19.6,26.8,3.2,9.8,8,NNE,46,16:25,25.1,59,6,E,6,1011,23.6,69,7,NE,20,1007.9,
2/12/2014,Tu,19,28.9,8.2,8.6,10.7,SE,61,0:14,23.7,71,6,WNW,15,1011.9,27.8,56,2,NNE,20,1008.8,
3/12/2014,We,21.6,29.3,1,8.4,7.6,S,59,16:23,26.2,68,4,E,4,1013.2,28.4,55,7,ENE,17,1009.4,
4/12/2014,Th,20,26.9,23.8,8,0,W,61,22:09,22.7,80,7,ENE,9,1012.5,25.3,74,7,ENE,22,1009.4,
5/12/2014,Fr,19.6,27.2,6.2,11,6.9,WNW,52,16:21,24.3,64,7,N,9,1008.3,26.3,59,5,NE,17,1005.6,
6/12/2014,Sa,20.5,26.7,1.8,5.6,6.6,ENE,30,11:49,23.4,70,6,NE,17,1007.7,25.5,61,7,E,17,1004.1,
7/12/2014,Su,18.7,27.2,5.4,7.8,8.9,WNW,50,16:29,24.5,68,2,ENE,11,1006,23.6,81,4,E,22,1003.9,
8/12/2014,Mo,18.9,32,15.8,8.6,7.5,W,70,12:06,22,81,6,ESE,2,1006.8,29.2,42,7,WSW,17,1006.3,
9/12/2014,Tu,21.1,23.8,0.4,7.4,2.1,S,31,0:17,22.5,71,7,ESE,19,1015,23,70,6,ESE,22,1014.3,
10/12/2014,We,20.4,25.3,0,5,2.6,E,33,16:46,22.5,73,6,E,17,1014.8,24.7,69,7,E,22,1011.4,
11/12/2014,Th,20.7,22,9.8,3.4,0.7,SSW,65,12:27,21.7,92,7,W,19,1005.5,18.6,85,7,SSW,26,1008.8,
12/12/2014,Fr,16.6,23,12.2,6,,SSE,63,23:59,20.1,55,3,SSE,33,1017.5,22.4,54,3,SSE,31,1018.2,
13/12/2014,Sa,16.7,24.1,0,8.4,9.7,ESE,44,10:35,20.6,53,5,SE,19,1018.6,21.2,54,4,ESE,28,1016.9,
14/12/2014,Su,15.3,24.4,0,8,10.8,NNE,39,16:56,20,69,5,WNW,7,1014.4,23.2,48,1,ENE,24,1010.7,
15/12/2014,Mo,17.8,25.9,0,8,13,NE,41,16:41,24.3,54,1,ENE,6,1012.2,24.6,48,1,ENE,24,1010.8,
16/12/2014,Tu,20,25,0,11.4,8.7,NE,65,14:41,22.1,60,7,NNE,13,1007.9,24.3,67,3,NE,39,999.6,
17/12/2014,We,19.2,23.8,0,7.6,5.8,,,,21.2,61,2,SSE,33,1006.3,22.3,51,7,SE,22,1007.8,
18/12/2014,Th,18.3,25.3,0,6.8,5.6,E,31,15:20,19.1,80,8,WNW,11,1010.3,24.4,70,6,E,20,1005.5,
19/12/2014,Fr,18.2,24.1,0,6.6,10.8,SSW,56,3:12,21.2,53,1,SSE,31,1012.4,23.2,44,1,SE,22,1013,
20/12/2014,Sa,18,23.1,0,8.4,9.5,ENE,31,15:42,20.7,51,5,ESE,9,1018.5,22.2,50,1,E,20,1016.6,
21/12/2014,Su,16.8,25.7,0,7,12.6,ENE,46,16:34,22.5,65,1,W,6,1018.6,24.1,61,1,E,31,1016,
22/12/2014,Mo,20.5,26.4,0,9.2,8.8,NE,57,13:55,24.8,63,3,ENE,15,1016.9,25.1,69,5,NE,33,1014.8,
23/12/2014,Tu,20.7,26.1,0,8.2,4.6,NE,41,23:29,21.1,84,7,NW,11,1015.4,23.8,81,8,NNE,13,1012.8,
24/12/2014,We,21,24.3,1.6,5,3.3,SSW,54,10:03,22.4,82,7,S,17,1013.7,22.7,71,7,S,28,1013.9,
25/12/2014,Th,19.8,26.8,0,5.8,5.3,WSW,59,16:22,23.2,77,7,N,9,1011.5,25.6,71,7,NE,22,1005.7,
26/12/2014,Fr,19.9,30.4,28.6,4,8.9,SSE,57,13:36,24.1,67,3,WSW,19,1007.8,22.7,66,6,SE,37,1011.3,
27/12/2014,Sa,18.8,21.7,0,10.6,0,ENE,31,22:31,20.6,50,7,ESE,11,1021,20.7,53,7,ESE,15,1020.6,
28/12/2014,Su,18.9,24.2,0,4,2,ENE,30,15:47,20.2,75,7,S,2,1019.2,23.5,61,7,E,13,1015.9,
29/12/2014,Mo,17.7,27.3,0,5.4,12.6,NNE,46,20:31,23.6,62,1,NNW,13,1009.7,25.4,66,1,NE,24,1004.1,
30/12/2014,Tu,19.4,28.1,0,8,12.7,SSW,54,22:25,23.4,59,0,S,13,1007.4,26.9,50,0,E,17,1004,
31/12/2014,We,19.3,25.2,0,9.6,8,SSW,46,23:01,22.2,64,5,E,17,1015.6,23.9,57,2,E,24,1014.4,
1/11/2014,Sa,21.3,36.5,,10,10.6,,,,29.1,35,1,NNW,28,1003.9,32.4,31,6,NW,24,998.2,
2/11/2014,Su,13.7,23.5,2.4,15,12.9,W,56,6:28,16.8,26,1,W,28,1017.9,21.8,23,1,ESE,22,1017.9,
3/11/2014,Mo,13.8,21.5,0.2,7.8,6.8,ESE,37,14:51,17,52,3,WNW,11,1025.4,19.5,57,4,ESE,26,1023.7,
4/11/2014,Tu,16.1,21.8,0,6.6,8.8,ENE,46,14:38,20.4,60,7,NNE,13,1024,21,64,2,ENE,31,1019.4,
5/11/2014,We,17.7,23.5,0,6,3.8,NNE,67,16:38,20.7,67,7,ESE,15,1017.1,21,75,7,NE,30,1012.6,
6/11/2014,Th,15.5,23.2,2,5.6,9.5,SSW,50,4:08,20.1,64,6,SSW,24,1014.8,20.9,57,6,SE,28,1013.9,
7/11/2014,Fr,16.5,22.1,0,6.2,11.9,E,30,14:18,20.6,54,4,E,9,1019.4,21.8,56,5,E,22,1019.5,
8/11/2014,Sa,14.4,23.1,0,6.4,12.3,ENE,41,14:56,21.4,61,2,E,9,1022.4,21.9,60,0,NE,22,1018.9,
9/11/2014,Su,16.5,26.2,0,6.8,10.9,S,54,9:18,23.1,60,1,S,22,1018.8,25.2,53,6,SSE,24,1017.6,
10/11/2014,Mo,18.7,23.6,0,8,3.2,ESE,37,15:56,20.7,73,8,S,13,1018.2,22.2,61,6,SE,20,1016.8,
11/11/2014,Tu,16.6,23.2,0,4.2,5.1,ESE,35,12:25,21.3,51,6,ESE,7,1020.1,19,66,8,SE,20,1019.6,
12/11/2014,We,16.4,22.2,0,4.6,6.1,ENE,33,16:00,18.8,66,6,WNW,6,1019.7,21.6,51,1,E,20,1016,
13/11/2014,Th,18.5,23.5,0,6.8,6.6,NE,39,15:03,20,64,7,ENE,15,1019.2,22.1,68,7,ENE,22,1015.7,
14/11/2014,Fr,17.7,32.2,0,4.8,11.2,SSW,72,20:26,23.3,69,3,SSW,2,1011.8,31.7,39,7,ESE,13,1006.7,
15/11/2014,Sa,18.9,24.1,0,12.8,2.3,SE,39,12:45,20.1,60,8,S,7,1009.9,22.6,50,8,SSE,24,1010,
16/11/2014,Su,18.1,28.5,5.6,5,7.3,W,74,13:42,18.2,87,8,NW,22,1005.6,28.1,27,2,W,44,1001.5,
17/11/2014,Mo,15.2,25.5,0.4,7,12.6,E,35,16:37,21.3,38,2,W,15,1013.8,22.9,48,3,E,24,1011.8,
18/11/2014,Tu,18.6,26.7,0,8,11.7,SSE,43,14:30,22.3,60,3,W,20,1016.7,25.2,45,1,SSE,24,1016.4,
19/11/2014,We,18.1,24.9,0,8,10.1,ENE,41,17:46,21.9,65,7,ENE,11,1021.8,22.7,59,5,E,28,1018.6,
20/11/2014,Th,18.8,31.1,0,6.8,10.6,ENE,41,13:52,24.8,56,7,NE,6,1014.3,26,57,6,ENE,24,1008.7,
21/11/2014,Fr,22.1,33.9,0,8.4,11,SSE,63,20:19,31,36,2,SSE,7,1007.4,30.3,46,2,E,22,1004.6,
22/11/2014,Sa,19.1,26.3,0,10,9.3,SSE,37,23:13,23.6,50,4,SE,9,1015.9,23.4,60,7,E,19,1011.5,
23/11/2014,Su,19.6,30.1,0,6,10.6,SE,44,17:39,24.9,62,3,E,4,1011.5,28.9,54,3,E,22,1007.4,
24/11/2014,Mo,21.1,30.2,0,7.2,6.4,E,33,13:54,23.5,71,6,SSW,6,1015,23.6,76,6,E,28,1007.4,
25/11/2014,Tu,21.8,24.7,5,6.6,5.6,SW,52,8:57,24,65,7,SSW,13,1013,21.6,56,5,ESE,24,1016.4,
26/11/2014,We,19.3,23.3,0,7.4,7.3,ENE,41,16:00,21.5,58,6,ENE,17,1019.7,21.9,66,7,ENE,26,1016.6,
27/11/2014,Th,18.9,20.9,0.4,7.6,0,ESE,43,4:55,19.8,71,6,SSE,26,1022,20.3,61,7,SE,20,1022.4,
28/11/2014,Fr,,23.3,,3.4,11.9,ENE,37,17:18,,,3,E,13,,22.3,46,2,E,19,1021.3,
29/11/2014,Sa,16.6,25.3,,7.4,11.8,ENE,43,15:33,20.9,66,2,W,7,1019.7,24.3,62,4,ENE,28,1015.1,
30/11/2014,Su,19.1,26.8,0,8,8.4,NNE,44,13:56,23.8,64,2,ENE,11,1014.2,24.6,63,4,NE,26,1011.2,
1/10/2014,We,15.6,22.1,0,12,11.3,WSW,61,6:59,18.2,19,1,W,28,1017.7,19.6,28,1,SE,24,1018.5,
2/10/2014,Th,10.4,24.9,0,7.2,11.1,WNW,30,10:03,17.6,45,1,W,11,1022.1,21.3,45,0,NE,13,1017.2,
3/10/2014,Fr,12.8,21.1,0,5.8,6.3,ESE,31,16:24,19,63,4,W,6,1021.1,19.1,58,7,E,17,1019.6,
4/10/2014,Sa,16.4,21.9,0,3,8.5,ENE,39,13:32,19.2,73,7,NE,19,1020.2,21.5,68,1,NE,24,1015.5,
5/10/2014,Su,14,33.8,0,4.4,10.6,SSW,63,18:43,18.4,65,1,W,11,1016,30.8,23,1,E,17,1012.9,
6/10/2014,Mo,17.3,26,0,8.8,8.3,NE,46,17:56,19.7,67,7,WNW,9,1019.2,21.8,64,2,ENE,19,1012.4,
7/10/2014,Tu,19.7,27.9,0,8,7.7,NW,61,7:17,24.1,44,7,WSW,28,1007.8,25.2,30,1,ESE,20,1008.3,
8/10/2014,We,15.1,21.1,5.4,4.6,3.7,SSW,35,23:53,16.7,80,7,SSE,20,1018.7,18.8,54,2,ESE,19,1018,
9/10/2014,Th,14.4,21.2,0,4.8,8.5,ENE,37,16:26,18.6,61,1,WNW,7,1023.2,21,49,1,ENE,22,1020.2,
10/10/2014,Fr,14,22.8,0.2,4.8,7.9,NE,35,17:44,20.2,53,6,NNW,13,1019.5,21.9,58,6,ENE,22,1015.5,
11/10/2014,Sa,14.4,26.8,0,5.4,11.1,NNE,41,19:23,19.9,61,1,WNW,13,1016.8,23.6,61,1,E,19,1014.2,
12/10/2014,Su,17,24.7,0,7.8,11.2,NNE,52,19:50,20.3,66,0,W,9,1017.5,23.3,61,1,NE,26,1013.4,
13/10/2014,Mo,17.9,26.2,0,8.8,5,WNW,57,17:36,22.5,60,7,ESE,11,1007.6,21.5,69,8,ENE,13,1005.7,
14/10/2014,Tu,13.2,17.6,9.4,5.8,3,S,76,22:14,14.9,49,6,W,26,1008.5,17.1,42,7,WSW,20,1008.5,
15/10/2014,We,10.6,16,70.8,,0.1,SW,78,2:12,11.6,79,8,SW,28,1011.7,15.1,52,7,SSW,26,1013.4,
16/10/2014,Th,9,23.4,0.2,4,11.7,ENE,30,13:35,14.3,61,2,W,11,1018.4,20.1,43,6,E,24,1015.8,
17/10/2014,Fr,12.2,20.8,0,4,8.8,SSE,50,12:40,15.2,75,7,SSE,20,1024.6,19.9,45,3,S,31,1024.9,
18/10/2014,Sa,12.9,20.4,0,7.6,6.2,ENE,26,15:30,15.3,66,7,W,15,1029.8,19.6,46,1,E,17,1027.4,
19/10/2014,Su,12.4,23.9,0,2.6,12,NNE,41,18:12,18.6,57,1,W,9,1027.5,23.1,49,1,NE,19,1022.6,
20/10/2014,Mo,15.8,20.8,0,10.6,4,SSE,69,5:30,19.8,59,7,S,33,1028.7,17,74,8,S,22,1029.8,
21/10/2014,Tu,15,18.7,0.4,2.6,0,ENE,31,22:30,17.4,50,8,ESE,19,1032.5,18.5,49,7,E,19,1030.7,
22/10/2014,We,15,21.3,0,5,9.2,NNE,46,20:58,17.8,54,7,NNW,4,1027.1,20.4,54,1,NE,28,1022,
23/10/2014,Th,14.5,28,0,6,10.7,E,28,13:10,19.7,64,3,W,6,1018,25.1,56,2,E,20,1015.9,
24/10/2014,Fr,18.6,26.4,0,5.8,7.1,NNE,48,19:26,22,78,6,NNW,13,1020.1,23.1,70,5,ENE,30,1014.9,
25/10/2014,Sa,18.5,29.9,0.2,6,8.4,SSE,39,13:21,21,81,1,WNW,19,1015.3,25.9,59,6,SSE,19,1013.6,
26/10/2014,Su,18.5,32.5,0,5,11.2,S,44,14:24,23.5,64,0,W,11,1010.2,25.8,55,5,SSE,24,1007.9,
27/10/2014,Mo,19.4,31.6,0,6.6,8.9,WNW,70,14:05,23.2,60,5,NNE,13,1007.8,29.6,26,7,W,41,1002.7,
28/10/2014,Tu,15.9,28.9,0,7.8,10.4,W,43,18:15,21.7,36,2,W,17,1012.2,28,18,1,W,22,1008.3,
29/10/2014,We,16.6,24.6,0,7.2,11.4,ENE,37,16:54,22.6,35,1,SSW,7,1017.2,21.8,63,2,E,26,1015.8,
30/10/2014,Th,15.5,30.8,0,5.8,12.6,E,28,13:02,21.1,61,2,W,13,1015.6,28.4,32,3,ENE,17,1011.6,
31/10/2014,Fr,16.3,30.2,0,9.2,11.7,NNE,41,17:00,22.4,55,1,WNW,13,1013.4,26.3,43,6,ENE,13,1008.2,
1/9/2014,Mo,10.7,23.6,0,3.2,8.7,NE,31,16:17,14.6,77,4,WNW,13,1016.9,20.7,51,7,ENE,13,1010.9,
2/9/2014,Tu,14.1,18.4,0.2,5.2,1.5,W,59,21:43,15.8,59,5,W,7,1009.1,13.7,66,7,S,22,1007.9,
3/9/2014,We,8.9,16.7,5,4.2,7.7,SW,76,12:52,13.1,52,6,SW,28,1013.3,16.2,45,5,SSW,30,1012.3,
4/9/2014,Th,9.8,17.6,0.2,3,8.3,S,61,14:04,13.4,53,3,SSW,24,1015.9,14.7,52,6,SSW,31,1015.1,
5/9/2014,Fr,8.8,18.2,4.4,3.6,8.7,SSW,52,15:14,13.2,72,3,W,17,1021.8,16.7,57,2,S,26,1021.7,
6/9/2014,Sa,10.3,19.1,11,3.2,2.3,ESE,43,14:40,12.3,92,7,NW,7,1029.7,15.7,73,7,SE,24,1028.5,
7/9/2014,Su,11.2,19,18.4,3.6,6.9,ESE,31,16:09,12.5,90,7,W,15,1032,17.7,65,2,SE,17,1028.2,
8/9/2014,Mo,10.9,19.5,1,2.4,10.5,NE,35,14:09,12.2,93,1,WNW,17,1029.5,18.2,60,2,NE,24,1024.2,
9/9/2014,Tu,12.2,23.1,0,5,10.3,NNE,41,17:47,19.3,56,1,NNW,17,1019.4,20.6,56,4,NE,22,1012.8,
10/9/2014,We,14,24.4,5,6.8,8.3,W,59,11:30,14.8,84,7,W,9,1008.2,23.2,28,3,WSW,28,1008.9,
11/9/2014,Th,12.1,25.8,0.2,5.2,10.9,SSW,50,20:40,18.1,36,1,WNW,13,1016.7,23.7,32,1,E,17,1013.7,
12/9/2014,Fr,13.9,18.4,0.2,6.8,1.8,S,41,1:55,14.7,67,7,SSW,13,1025.7,16.9,52,4,SE,15,1024.1,
13/9/2014,Sa,12.9,17.6,0.8,2.4,3.8,E,28,16:13,14.4,80,7,WNW,9,1026.9,16.8,72,4,E,17,1023.5,
14/9/2014,Su,12.9,22.6,0.4,2.8,9.5,SSE,35,16:49,17.3,69,0,WNW,11,1020.6,20.5,66,1,E,17,1016,
15/9/2014,Mo,13.1,20.1,0,3.8,10.1,ENE,30,16:23,17.7,68,1,WNW,11,1018.6,19.2,55,5,ENE,22,1015.1,
16/9/2014,Tu,15.2,21.7,0,4.8,5.1,,,,18.6,76,6,NE,28,1009.9,20.6,66,3,ENE,4,1005.5,
17/9/2014,We,13.3,22.2,,5.2,10.7,W,61,9:49,17.7,36,6,W,35,1012.2,20.9,25,3,WSW,30,1010.1,
18/9/2014,Th,12.2,20.5,0,7,10.8,WSW,44,6:53,15.6,33,1,WSW,28,1018.6,18.4,31,3,SE,24,1017.1,
19/9/2014,Fr,9.2,22.2,0,5.4,9.7,ESE,31,14:55,14.7,50,7,W,19,1022.3,18.2,33,7,E,26,1018.5,
20/9/2014,Sa,9.1,20.3,0,4.2,11,S,41,11:29,15.4,50,1,WNW,13,1024.5,19.4,41,1,SSE,22,1023.7,
21/9/2014,Su,10.9,20.9,1,3.6,8,ESE,30,12:35,15.4,71,6,WNW,15,1030.5,18.3,49,2,ESE,15,1027.3,
22/9/2014,Mo,12.3,20.2,0.2,4.8,10.6,E,26,15:31,16.9,55,4,WNW,6,1032.1,18.9,51,1,E,17,1028.9,
23/9/2014,Tu,10.9,21.2,0,4,10.9,NE,37,13:30,17.2,58,0,W,11,1030.2,19.6,53,0,NE,20,1026.2,
24/9/2014,We,11.7,22.2,0,5.4,10.7,NNE,37,18:48,18.5,66,0,WNW,6,1022.7,20.8,66,3,NE,17,1016.6,
25/9/2014,Th,17.4,24.6,0,6.2,1.2,WSW,61,12:15,20,60,7,W,6,1011.9,20.2,65,7,SSE,17,1009.8,
26/9/2014,Fr,14.3,21.7,2,3,8.3,SSE,41,9:09,18.8,59,5,SSW,22,1017.9,20.1,51,5,SE,19,1015.9,
27/9/2014,Sa,13,22.8,0.2,5,11.1,ESE,35,13:07,18.8,53,5,SSW,15,1021.1,20.2,45,1,SE,20,1019.3,
28/9/2014,Su,11.6,25.4,0.2,5.4,11.2,NNE,50,18:30,20.4,54,0,NNW,19,1021.9,21.2,50,0,NE,24,1016.2,
29/9/2014,Mo,16.5,32.9,0,8,10.6,NNW,37,5:32,25.2,29,2,N,17,1014.6,32.3,17,0,WNW,15,1011.2,
30/9/2014,Tu,16.6,33.5,0,8,6.8,NW,52,15:13,23.7,42,4,SE,2,1013.7,32.7,16,5,NW,26,1007.2,
1/8/2014,Fr,15.9,18.2,0,8.4,10,W,72,19:35,16.8,41,1,WNW,22,1007.2,16.7,23,1,W,28,1008.7,
2/8/2014,Sa,7.2,16.1,0,6.4,10,W,46,1:10,9.6,45,1,W,28,1024.6,15,36,1,S,28,1026.8,
3/8/2014,Su,5.5,17.6,0,3.8,9.5,W,28,1:36,8.4,60,1,W,20,1034.1,16.5,45,1,ESE,15,1032.2,
4/8/2014,Mo,6.4,17.2,0,2.6,10.1,E,26,14:16,9.9,69,3,WNW,17,1034.4,16,58,4,E,20,1030.4,
5/8/2014,Tu,7.9,20.6,0,1.6,10.2,SSE,33,14:20,10,75,0,W,17,1032,17.5,40,1,SSE,17,1030.1,
6/8/2014,We,6.5,22.4,0,2.6,10.1,W,35,22:33,9.7,64,1,W,20,1032.6,20.1,43,1,NE,11,1026.2,
7/8/2014,Th,9.6,20.4,0,4.6,6.8,W,41,7:07,11.4,53,6,W,28,1029.6,18.8,36,1,SE,13,1027.5,
8/8/2014,Fr,9.1,18.1,0,2.6,4,WNW,24,3:21,10.9,76,7,W,17,1032.1,16.9,64,3,ESE,15,1029.6,
9/8/2014,Sa,8.9,19.2,0,1.8,6.8,NE,26,14:39,10.2,94,8,W,13,1029.9,18.6,62,3,NE,15,1024.7,
10/8/2014,Su,9.9,23.2,0,3,3.5,SW,31,20:04,12.7,46,6,W,9,1022.4,22.7,27,1,WNW,9,1017.6,
11/8/2014,Mo,8.1,14.4,0,3.4,4.5,SSE,48,17:28,10.3,62,7,W,15,1025.4,13.7,45,5,S,24,1025.1,
12/8/2014,Tu,6.3,15.4,21.4,5.6,3.9,S,44,12:03,8.9,84,7,W,17,1030,12.3,78,7,SW,11,1028.2,
13/8/2014,We,7.9,17,19.4,3.6,10.1,SSW,37,10:06,10.5,77,2,W,19,1033.3,16.2,46,2,SSE,20,1031.9,
14/8/2014,Th,6.4,19.3,0.2,2.8,10.3,SSE,30,14:51,9.5,64,1,W,20,1035,18.1,49,2,SE,22,1032.5,
15/8/2014,Fr,7.9,19,0,3.4,9.3,WNW,28,7:23,10.5,81,1,W,17,1031.6,17.8,53,1,ESE,17,1026.5,
16/8/2014,Sa,8.7,16.8,0,1.2,0.3,ESE,26,16:51,10.3,86,7,W,13,1023.8,16.4,70,7,ESE,13,1019,
17/8/2014,Su,10.3,17.5,28.6,,2.2,ESE,46,10:13,14.4,90,8,E,28,1010.3,17,74,7,WNW,22,1004.2,
18/8/2014,Mo,11,15.7,21.8,,0,SSE,63,10:54,13.8,94,8,SSE,31,1001.8,13.3,90,8,SSW,28,1005,
19/8/2014,Tu,12.8,17.7,38.4,4.4,3,SSE,78,7:38,15.5,69,7,S,28,1015.3,14.5,80,7,SW,26,1016.6,
20/8/2014,We,9.5,17.1,8.2,4.6,5,SW,44,0:02,12.5,68,7,W,22,1024.7,15.7,54,6,S,22,1024.5,
21/8/2014,Th,9.4,18.1,10.8,2,7.1,SE,43,19:57,11.7,86,7,WNW,19,1029.2,17.1,65,3,S,22,1027,
22/8/2014,Fr,11.2,19.6,10.2,2.4,10.1,SSE,28,13:53,13.2,88,6,W,17,1031.8,18.5,61,3,SSE,17,1029,
23/8/2014,Sa,9.9,19.3,3.2,3.2,2.9,ESE,31,14:45,11.8,92,5,NW,4,1031.6,14.8,85,7,E,20,1029.3,
24/8/2014,Su,11.1,19.4,3.8,0.2,7.3,W,22,22:42,13,88,4,WNW,17,1029.7,18.4,64,2,E,11,1026.4,
25/8/2014,Mo,10.5,19.3,0,3.2,8.9,ESE,44,20:35,13.7,81,0,W,13,1025.7,18.8,61,2,ESE,19,1022.4,
26/8/2014,Tu,11.6,15.6,12.6,4.6,0,ESE,52,19:51,13.6,93,8,SSW,2,1024.3,14.9,87,7,SSW,9,1022.7,
27/8/2014,We,13.4,19.8,13.2,3.2,5.3,SSE,56,11:41,15.3,80,7,S,19,1025.3,18.7,54,5,SE,28,1023.9,
28/8/2014,Th,12.3,19.7,15.2,6.6,8.8,SSE,48,11:55,15.3,81,2,SSE,20,1026.8,17.8,51,4,SSE,26,1025.9,
29/8/2014,Fr,9.4,18,2,3.8,5.4,SSW,50,15:17,12.1,85,7,W,17,1026.7,15.8,65,4,SSW,24,1024,
30/8/2014,Sa,12,16.1,3.2,3.8,2.7,SSW,52,4:15,12.5,89,8,SW,20,1023.9,14.9,84,7,SW,22,1021.7,
31/8/2014,Su,11.7,20.8,3,1,9.5,W,37,7:42,14.8,67,1,W,20,1021.1,20.5,55,1,ESE,15,1017.2,
1/7/2014,Tu,8.9,19.1,0,3,9.3,W,33,10:42,10.1,64,1,W,20,1025,18.3,36,1,W,7,1024,
2/7/2014,We,7.4,20.2,0,3.8,9.6,W,37,5:41,9.6,67,1,W,28,1027.6,19.2,36,1,SSE,13,1025.2,
3/7/2014,Th,6.7,18.3,0,1.2,9.6,W,28,4:24,9.1,71,1,W,19,1027.3,17.2,54,1,ENE,13,1023.3,
4/7/2014,Fr,6.7,20.4,0,2.4,9.9,NW,30,19:21,9.3,71,0,W,9,1021.3,19.6,33,1,ESE,7,1016.6,
5/7/2014,Sa,8.2,18,0,3.6,9.6,W,48,14:27,10.1,62,1,W,17,1016.2,17.3,33,1,WNW,28,1012,
6/7/2014,Su,8.2,18.1,0,4,9.9,W,43,16:09,11.6,59,1,W,17,1013.6,16.2,36,1,WSW,24,1010.8,
7/7/2014,Mo,8.3,19.5,0,3,9.2,W,43,16:58,10.7,59,1,W,17,1014.4,18.8,35,2,WSW,19,1011.9,
8/7/2014,Tu,7.9,18.7,0,3.8,9.7,W,33,1:54,9,66,1,W,20,1016.6,16.2,51,1,E,6,1012.2,
9/7/2014,We,6.6,21.3,0,2.6,9.4,W,67,19:21,11.9,49,0,NNW,11,1007.6,20.7,22,1,NNE,22,999.6,
10/7/2014,Th,8.8,17.3,0.2,5.8,9.8,WNW,61,11:37,11.9,52,1,WNW,15,1005.8,16.8,32,2,W,37,1005.1,
11/7/2014,Fr,9,18.5,0,4,9.9,W,35,12:16,11.8,58,1,WNW,17,1017.4,18.2,32,0,W,19,1016,
12/7/2014,Sa,6.4,18.5,0.2,3.4,9.5,W,44,15:01,8.9,64,0,WNW,11,1019.6,17.7,33,1,WSW,26,1017.1,
13/7/2014,Su,6.5,16.3,0,3.6,9.6,S,46,13:07,8.2,54,1,W,28,1027.4,15.1,47,3,S,24,1027.3,
14/7/2014,Mo,6.6,17.9,0,3.2,5.1,W,35,7:37,9.2,62,6,W,17,1032,15.7,64,6,SSW,19,1029,
15/7/2014,Tu,9.2,15.6,1.6,0.4,0,W,22,22:55,11.5,88,7,W,13,1025.8,15.3,74,8,E,2,1021.3,
16/7/2014,We,11.4,18.5,1.8,1.2,3.9,W,41,16:12,13.2,86,8,ENE,4,1013.7,17.9,52,2,W,20,1010.7,
17/7/2014,Th,9.5,19.9,0,2,9.4,W,56,17:28,13.1,56,1,NW,20,1012.6,19.1,33,3,WNW,26,1008.6,
18/7/2014,Fr,8.6,15.9,0,4,7.9,WSW,63,13:37,9.6,47,2,W,28,1011.2,14.1,35,4,WSW,39,1011.1,
19/7/2014,Sa,8.5,14.9,0,4.6,3.2,SW,70,13:33,10.1,50,6,W,26,1021.2,13.6,57,6,SSW,24,1021.4,
20/7/2014,Su,9.8,15.3,0.2,4,1.1,SSW,54,1:55,11.2,66,7,W,20,1025.7,15.2,60,7,S,22,1024.9,
21/7/2014,Mo,8.9,18.3,0,2,7.5,W,31,4:36,9.9,69,7,W,22,1026.9,15.7,64,7,SSE,17,1023.3,
22/7/2014,Tu,8.7,19,0,1.4,9.6,W,24,6:24,10.8,81,2,W,22,1024.6,16.5,59,2,SE,11,1022.3,
23/7/2014,We,8.9,18.9,0,3.2,6.7,W,22,4:14,10.7,87,3,WNW,17,1025.5,17.1,57,5,ESE,13,1021.6,
24/7/2014,Th,8.5,19.8,0,0.6,2.4,N,20,14:16,10.9,83,5,WNW,11,1022.5,19.7,48,7,N,9,1019.2,
25/7/2014,Fr,9.6,18.8,0,2.8,2.6,W,52,11:37,11.5,82,7,NW,9,1023,18.3,59,7,N,15,1019.9,
26/7/2014,Sa,11.3,18.7,8.2,2,4.2,W,43,14:50,13,90,8,WNW,22,1024.9,17.2,42,3,WNW,24,1020.4,
27/7/2014,Su,9.4,21,4.2,1.8,10.2,W,31,8:47,11.9,65,1,W,20,1024.6,18.7,38,1,ESE,15,1021.5,
28/7/2014,Mo,8.8,18.5,0,3.2,6.7,WSW,46,11:23,11.9,62,7,W,15,1021.3,17.4,41,6,WNW,15,1018.1,
29/7/2014,Tu,11.8,23.3,0,4,5.1,NNW,44,12:39,14.9,49,7,WNW,22,1018,22.9,27,1,NNE,20,1013.2,
30/7/2014,We,13,24,0,6.2,10.2,NW,41,15:03,17.3,44,6,WNW,13,1018,23.3,31,1,WNW,22,1014.5,
31/7/2014,Th,13.9,25,0,6.6,10.1,NNW,61,14:10,17.7,40,1,NNW,24,1014.2,24.5,21,0,NW,35,1007.3,
1/6/2014,Su,14.8,20.7,11.2,5,0.4,W,46,15:14,17,87,7,NW,7,1020.5,17.8,70,8,W,26,1018,
2/6/2014,Mo,12.4,22.3,1,2,5.9,W,30,4:29,14.5,85,7,W,11,1017.2,19.9,54,3,WNW,9,1014.9,
3/6/2014,Tu,10.5,20.3,0,1.8,9.9,W,39,16:35,13.2,70,1,WSW,9,1018.4,19.5,42,1,WNW,17,1016.2,
4/6/2014,We,11.2,22.3,0,3.6,9.6,W,33,8:50,13.6,69,1,W,24,1024.1,22,53,3,SSE,13,1022.9,
5/6/2014,Th,13.6,19.8,8.6,4,0.4,SSE,30,15:30,15.3,91,8,W,19,1025.7,18,80,7,SSW,11,1024.1,
6/6/2014,Fr,14.5,15.5,13.2,7.2,0.5,S,48,13:12,15.3,86,7,SSW,22,1026.3,14.9,85,7,SSW,17,1024.8,
7/6/2014,Sa,10.1,19.4,6.8,2.4,7.8,SSW,39,11:23,12.2,67,2,W,26,1027.2,17.8,60,6,SSW,19,1025,
8/6/2014,Su,10.5,17.7,0,3.6,6.3,SSE,46,16:27,11.9,65,3,W,17,1026.9,16,59,7,SSW,24,1025.8,
9/6/2014,Mo,8.6,18.4,2.2,2.6,5.1,SSE,46,13:28,10.4,71,1,W,22,1028.4,16.9,73,7,SE,17,1027.3,
10/6/2014,Tu,10.4,19.2,13.8,2,3.6,SSE,31,0:04,13,91,7,W,20,1030.5,18.8,49,1,SE,19,1027.4,
11/6/2014,We,10.4,19.6,5.6,2.2,5.6,W,24,8:04,11.9,86,6,WNW,19,1026.6,17.7,62,6,SSE,9,1022.8,
12/6/2014,Th,11.1,20.4,0,1,5.8,W,30,3:54,12.1,86,7,W,15,1022,19.5,52,6,NNE,9,1018.9,
13/6/2014,Fr,10.7,20.9,0,2.4,3.3,N,28,15:05,11.8,85,7,W,15,1019.4,20.4,48,7,N,15,1015,
14/6/2014,Sa,11.8,19.9,5,2.4,3.9,W,31,12:51,14.3,89,8,WNW,17,1012.1,19.2,53,2,W,19,1009.2,
15/6/2014,Su,10.3,17.2,0.2,2.6,1.2,W,54,13:32,13,65,7,NW,13,1008.9,16.9,49,7,WSW,22,1008.3,
16/6/2014,Mo,9.3,19.5,0.4,0.8,9.7,SW,44,17:34,11.3,78,1,W,15,1020.8,19.4,36,1,WNW,11,1018.4,
17/6/2014,Tu,10,19.8,0,4.4,9.1,WSW,43,10:35,13.5,63,1,W,20,1023.4,17.8,46,5,SSW,19,1024,
18/6/2014,We,11.4,20.4,0,1.8,9.4,W,35,2:56,12.5,67,1,W,22,1030.1,18.7,51,1,ESE,11,1027.9,
19/6/2014,Th,10.6,21.5,0,1.8,8.5,W,24,8:31,12,81,3,WNW,15,1027.8,19.8,57,3,NE,13,1022.9,
20/6/2014,Fr,12,21.3,0,4.6,6.3,WSW,28,13:50,15.5,66,2,N,6,1019.9,19.6,54,6,W,6,1015.9,
21/6/2014,Sa,10.5,21.9,0,2.4,9.5,W,30,7:10,11.8,79,1,WNW,22,1020.4,21.4,31,1,W,11,1018.5,
22/6/2014,Su,11.1,19.7,0,3.4,4.4,W,26,4:17,11.9,79,7,WNW,15,1023,19.6,49,1,NNE,4,1020,
23/6/2014,Mo,10,16.6,0,0.6,1.8,N,37,15:01,13.5,76,7,NNW,15,1014.9,15.8,57,7,N,22,1008.6,
24/6/2014,Tu,11.5,16.7,0,6.2,9.7,WNW,81,15:08,12.1,47,1,NW,28,1007.1,16.1,35,1,WNW,33,1003.4,
25/6/2014,We,11.1,18.1,0,4,9.7,W,76,11:24,14.8,45,1,W,31,1012.2,17.7,35,1,W,39,1012.8,
26/6/2014,Th,10.7,22.2,0,4.8,9.8,WNW,41,10:14,15.1,47,1,WNW,17,1018.8,21.1,31,5,WNW,15,1017.9,
27/6/2014,Fr,10.4,21.2,0,4,8.1,N,30,18:19,12.1,68,7,NW,11,1021,20.4,39,7,NNE,9,1015.1,
28/6/2014,Sa,12,22.8,0,5,6.9,W,96,16:17,15.8,36,7,N,28,1007.2,20.3,34,2,NW,20,999.9,
29/6/2014,Su,10,16.4,0,7,9.6,NW,69,0:49,12.1,45,1,NW,28,1004.5,15.5,37,3,NW,28,1004.8,
30/6/2014,Mo,9.4,16.1,0,3.8,9.4,WSW,50,9:44,11.4,53,1,W,24,1015.1,16,29,1,WSW,22,1015.7,
1/5/2014,Th,11.3,23,0,5.2,10.2,W,31,6:16,14.7,59,1,W,19,1017.7,19.6,44,1,ESE,15,1013.8,
2/5/2014,Fr,13.3,22.2,0,2.8,7.3,W,46,12:16,16.1,71,2,W,17,1006.9,21.5,35,6,W,19,1001.9,
3/5/2014,Sa,11.7,15.7,1.2,5.6,1.1,W,57,11:07,12.7,81,7,NW,13,996.5,14.8,46,7,W,35,994.8,
4/5/2014,Su,10.8,20.5,3.8,3.8,8.5,W,54,13:19,15,61,5,W,20,1001.9,19.3,31,1,W,31,1003.7,
5/5/2014,Mo,10.3,20.9,0,5.4,10.4,W,39,8:00,12.8,54,1,W,22,1017.9,20.2,32,3,NW,7,1016.8,
6/5/2014,Tu,10.7,23.4,0,3.4,8.2,W,39,9:38,14.6,58,5,W,26,1021.2,21.6,35,3,ENE,6,1018.5,
7/5/2014,We,11.2,20.7,0,3.2,9.7,S,43,12:02,13.9,59,3,W,20,1023.8,19.3,41,2,S,20,1022.9,
8/5/2014,Th,11.1,21,0,5.8,6.2,SSW,46,11:12,14.2,66,2,W,19,1026.2,18.2,65,6,SSE,19,1024.3,
9/5/2014,Fr,11.8,21.9,7.4,3,3,W,26,4:09,13.9,84,4,WNW,9,1026.3,18.8,62,7,E,13,1023.6,
10/5/2014,Sa,12,24.8,0.4,2.2,5.2,NW,35,22:46,14.5,80,3,W,13,1023.9,21.4,51,7,N,13,1020,
11/5/2014,Su,14.4,22.9,0.8,2,8.3,SSE,41,15:45,16.7,76,1,W,15,1022.2,19.9,59,3,SSW,20,1022.1,
12/5/2014,Mo,12.6,23,0,4,8.8,SSE,37,11:02,16.7,73,3,W,17,1030.1,22.7,51,2,S,20,1028.5,
13/5/2014,Tu,13.7,23,11.2,4.8,8.8,W,26,7:31,15.6,74,1,W,20,1030.5,21,52,3,E,9,1027.2,
14/5/2014,We,12.6,23.2,0.2,1.8,9.5,ENE,28,15:07,14.8,78,1,WNW,13,1029.3,21.4,54,2,NE,17,1025.8,
15/5/2014,Th,11.7,22.9,0,4,10,WNW,24,8:23,13.7,82,1,W,15,1028.7,21.5,51,1,E,13,1025.3,
16/5/2014,Fr,12,25.3,0,3.2,9.9,W,28,3:09,14.6,75,0,W,19,1029.4,23.3,40,1,ENE,13,1027,
17/5/2014,Sa,12,24.2,0,4,9.1,NNE,26,15:53,14.3,72,6,WNW,11,1030.4,22.4,55,3,ENE,13,1026.7,
18/5/2014,Su,13,24.8,0,3.4,2.8,W,20,7:35,14.8,69,7,W,15,1028.3,24.4,41,7,W,7,1025.2,
19/5/2014,Mo,13.1,26.1,0,2.4,7.5,WNW,24,5:02,15.8,72,7,W,19,1026,25.8,33,1,WNW,7,1022.4,
20/5/2014,Tu,14.4,25.5,0,3.2,4.7,W,24,2:20,16.2,69,7,W,17,1022.9,25.2,41,7,WNW,7,1019.6,
21/5/2014,We,14.8,23.5,0,3.6,9.8,W,26,5:19,17.5,66,2,WNW,13,1024.4,22.6,58,2,ESE,13,1022.6,
22/5/2014,Th,13.1,27.1,0,2.2,9.4,W,24,4:00,14.9,82,1,W,13,1023.5,26.8,30,1,W,6,1018.7,
23/5/2014,Fr,13.9,25.1,0,4,8,W,22,4:35,16.5,64,3,W,11,1017.9,23.8,41,5,WNW,13,1013,
24/5/2014,Sa,15.7,25.2,0,4.8,7.4,WSW,35,12:57,17.7,62,2,W,13,1015.4,22.6,45,6,SSW,15,1014,
25/5/2014,Su,15.5,26.9,0,3.4,7.1,W,26,6:34,17.2,75,5,W,19,1018.3,24.9,43,2,ESE,17,1017.1,
26/5/2014,Mo,14.1,23.6,0,3.4,9.4,NNE,30,20:16,16.3,81,6,WNW,13,1023.4,23.3,59,6,ENE,17,1020.9,
27/5/2014,Tu,16,24,0,2.6,3,N,48,13:15,19.4,68,7,NNE,11,1018,23.8,46,7,NNE,26,1010.8,
28/5/2014,We,17.1,24.1,0,5.6,9.6,NW,48,14:11,19.3,54,1,NW,22,1013.8,23.2,31,1,WNW,26,1013.5,
29/5/2014,Th,12.8,21.3,0,5.4,7.7,S,35,12:19,15.3,59,2,W,20,1023.1,19.7,61,5,S,22,1022.1,
30/5/2014,Fr,14.5,21.4,0,4.4,5.2,SSW,33,10:37,15.9,71,6,W,19,1026.8,20.7,58,3,S,17,1024.5,
31/5/2014,Sa,14.3,20.7,2.4,1,7.5,NNE,31,20:05,15.2,86,5,WNW,15,1026.9,20,61,4,ENE,17,1022.8,
1/4/2014,Tu,17.5,26.4,0,3.2,6.2,NNE,31,17:39,20.5,78,7,WNW,13,1019.7,24.6,66,7,ENE,17,1017.5,
2/4/2014,We,18.1,26,0,4.8,10.9,E,26,12:04,18.9,91,2,WNW,11,1017.9,24.7,67,1,E,20,1014.6,
3/4/2014,Th,18.9,26.3,0,3,8.8,SSW,31,22:47,21.3,82,1,WNW,13,1017.5,25.1,70,7,E,24,1015,
4/4/2014,Fr,19.9,22.3,0,6,0,S,43,0:06,20.4,82,8,SSW,11,1018.5,21.5,74,8,S,19,1016.5,
5/4/2014,Sa,18,26,5.6,9.2,6.4,SSW,50,16:47,20.6,80,7,WNW,13,1018.8,23.8,63,3,SSE,24,1016.9,
6/4/2014,Su,17.2,21.7,3.4,4.6,1.1,SSW,48,10:51,19.2,86,7,SW,9,1020.9,19.5,86,8,SW,7,1020.8,
7/4/2014,Mo,15.3,22.4,16,4.2,3.3,SSE,39,11:46,16.9,83,6,WSW,13,1025.5,21.1,63,6,SSE,9,1023.6,
8/4/2014,Tu,17.2,23.2,5,5.2,1.2,W,22,0:19,19.6,77,7,WNW,13,1023.9,22.9,53,6,E,13,1020.1,
9/4/2014,We,15.9,24.1,0,0.4,4.6,ENE,22,15:17,20.4,68,7,WNW,13,1021.4,23.2,58,7,E,17,1017.9,
10/4/2014,Th,17.8,24.7,0,2.6,0,W,17,7:44,20.2,74,7,W,11,1016.9,20,82,8,E,7,1012.7,
11/4/2014,Fr,18.9,28,5.6,1.6,3.7,NW,37,8:29,24.1,64,5,NW,22,1005.5,25.7,55,7,SW,9,1002.9,
12/4/2014,Sa,17.9,21,5,3.8,0.7,SSW,54,11:19,19.1,76,7,SW,26,1011.1,20,74,6,SSW,22,1011.9,
13/4/2014,Su,16,20.6,3.8,1.4,1,SSE,52,13:33,17.8,86,7,SW,20,1016.8,18.5,88,7,S,15,1016.1,
14/4/2014,Mo,13.5,21,2.8,3.6,3.3,SSW,41,10:10,17.2,64,6,W,20,1020.4,19.4,69,5,S,15,1018.8,
15/4/2014,Tu,13.4,21.9,4.2,3.4,3.5,SSE,50,15:37,17.3,58,7,W,22,1020.7,20.8,64,8,S,28,1018.4,
16/4/2014,We,14.3,23.3,29.6,3.2,9,SW,43,10:35,17.7,69,5,W,20,1019.8,21.9,57,3,S,22,1017.3,
17/4/2014,Th,13.1,23.7,0,5.2,9,SSE,41,13:35,17.2,65,5,W,19,1019.6,23.1,39,1,SSE,22,1017.4,
18/4/2014,Fr,13.5,26.5,0,2.2,10.8,WSW,35,11:03,16.7,68,2,WNW,15,1016.3,26.1,31,3,WNW,13,1011.7,
19/4/2014,Sa,15,22.7,0,3.8,10.7,SSE,41,14:36,19.2,60,1,SSW,17,1016.4,20.8,42,1,SSE,22,1014.8,
20/4/2014,Su,13.2,22.9,0,5.2,10.4,WSW,28,23:24,16.3,61,3,W,17,1018.4,21.9,56,1,ENE,17,1014.7,
21/4/2014,Mo,13.2,25.3,0,4,9.7,W,35,8:15,15.9,48,1,W,20,1021.1,24.4,31,3,ESE,15,1018.5,
22/4/2014,Tu,12.4,25.8,0,4,7.9,W,20,7:10,15.8,67,7,WNW,17,1018.7,24.4,32,7,W,11,1014.9,
23/4/2014,We,13.4,26.1,0,4.2,9,W,24,7:49,17.6,59,7,W,20,1017.6,24,36,3,ESE,13,1014.9,
24/4/2014,Th,14.1,29.9,0,3.8,9.1,SE,41,22:31,19.3,53,6,WNW,15,1013.7,28.9,28,7,WNW,6,1011.3,
25/4/2014,Fr,17.6,20.9,6.8,4.6,3.2,SSE,39,2:33,17.7,84,8,S,7,1023.2,20.7,67,1,ENE,15,1019.2,
26/4/2014,Sa,15.5,23.1,9.2,2,1.2,S,30,23:59,18.2,72,7,N,7,1015,22.6,63,7,WNW,6,1011.5,
27/4/2014,Su,16.9,17.9,0.4,2.2,0,SSW,35,6:33,17.9,83,5,SSE,19,1023.5,17,87,7,S,15,1023.1,
28/4/2014,Mo,15,20.6,20.2,1,2.8,W,20,0:21,17.4,75,6,W,11,1025.9,20.4,67,6,NNE,11,1022.1,
29/4/2014,Tu,14.9,25.7,0,3,8.5,NNW,31,11:17,18.4,71,1,NNW,13,1017.7,23.6,61,7,NE,15,1013.3,
30/4/2014,We,18.2,25.3,3.4,5,7.1,WSW,44,13:43,18.6,83,7,WSW,15,1012.5,24.3,28,2,SSW,20,1011.4,
1/3/2014,Sa,18.2,22.7,10.4,1.6,0,NNE,26,16:09,19.6,90,7,WNW,2,1020.5,22,75,8,ENE,11,1019.1,
2/3/2014,Su,17.9,22.8,6.6,2.4,1.2,ESE,41,18:52,19.3,85,7,SSW,11,1020.3,19.8,86,8,S,17,1020.6,
3/3/2014,Mo,18.8,26.3,4.6,3.8,3.8,ESE,37,11:43,21.7,70,3,WNW,11,1024.8,22.2,75,7,SE,11,1024.5,
4/3/2014,Tu,19,25.4,1.4,2.6,3.3,ENE,22,20:35,20.9,83,7,WNW,7,1026.1,24.7,58,7,E,11,1023.7,
5/3/2014,We,18.1,27.5,0.2,4,7.7,S,50,15:46,21.9,69,1,WNW,4,1018.6,26.6,62,3,NE,15,1014,
6/3/2014,Th,21,26.8,1.6,7,5.8,SSW,46,2:50,22.3,75,7,SSW,20,1018.6,25.8,58,7,S,22,1018.3,
7/3/2014,Fr,19.3,26.9,0.2,5.2,7.5,NNE,31,19:06,23,69,4,WNW,13,1020.3,25.7,64,5,E,20,1018.7,
8/3/2014,Sa,21.6,27.2,0,5.6,8.9,ESE,39,17:27,23.8,63,7,NNE,13,1022.6,24.7,64,2,ESE,22,1021.5,
9/3/2014,Su,19.6,27.1,0,6.4,11.1,E,31,13:21,22.8,68,4,W,6,1023.6,25.7,53,3,E,20,1020.9,
10/3/2014,Mo,21.9,27.5,0.2,6.8,11,ENE,37,12:31,25.6,60,3,NNE,11,1023.4,26.4,55,2,E,26,1021.5,
11/3/2014,Tu,19.6,27.8,0,8.6,10.8,NE,35,12:49,22.8,67,1,W,9,1023.6,26.3,46,1,NE,20,1021.3,
12/3/2014,We,19.2,29.2,0,8.2,6.2,SE,37,20:37,22.1,69,6,WNW,7,1018.1,27.6,52,7,E,11,1015.4,
13/3/2014,Th,18.5,27,27.8,7,6.2,S,44,0:08,19.6,81,6,SW,15,1020.4,26,56,3,SE,15,1018.2,
14/3/2014,Fr,19.3,26.3,0.2,4,7.9,NNE,43,20:02,22.7,70,6,NNW,7,1018.4,25.2,55,1,ENE,30,1014.7,
15/3/2014,Sa,19.5,26.6,0,7.8,5.8,WSW,91,16:37,22.5,64,4,NNW,7,1013,25.8,62,7,NE,17,1008.4,
16/3/2014,Su,19.2,29.3,5.4,5.8,5.8,W,57,11:41,24.2,57,2,WNW,9,1005.5,22.5,74,7,WNW,13,1004.7,
17/3/2014,Mo,15.1,28,5,6.2,11.2,NNE,35,18:20,19.4,47,1,W,15,1016.9,27.5,25,1,ENE,26,1015,
18/3/2014,Tu,16.1,29.7,0.2,7.2,10.4,NE,31,13:42,19.9,58,1,W,19,1021,28.7,33,5,NE,19,1018.7,
19/3/2014,We,19.6,27.9,0,6.6,10.1,S,48,14:14,23.9,66,1,SSW,13,1023.9,27.8,57,6,SSE,26,1023.6,
20/3/2014,Th,21.7,27,0,6.2,9.2,E,33,15:42,25.5,58,3,Calm,,1026.9,26.4,54,3,E,22,1024.2,
21/3/2014,Fr,20.4,26.8,1,6,5.2,NE,39,18:33,21.7,75,7,NNE,6,1022.5,25.2,58,4,ENE,19,1018.9,
22/3/2014,Sa,18.7,26.7,0,6,9.5,SSW,37,21:59,23.6,68,3,ESE,6,1017.8,25.7,60,2,ENE,20,1014.5,
23/3/2014,Su,20.3,27,0,5.2,7.2,NNW,41,21:09,23,70,3,SE,6,1017.6,25.7,63,7,ENE,19,1013.2,
24/3/2014,Mo,20.1,23.2,0.4,6.2,0,W,54,12:32,20.3,79,8,SSW,24,1016.4,17.5,89,8,W,31,1015.3,
25/3/2014,Tu,17.1,25.2,6.8,4.2,6.5,ESE,35,15:08,19.8,82,1,W,11,1020,24.7,67,7,ESE,9,1019.6,
26/3/2014,We,19.7,24.9,0.6,2.8,0,NE,37,18:42,21.2,89,7,WNW,11,1022.5,24.4,72,7,E,9,1021.2,
27/3/2014,Th,20.6,22.2,18,2.8,0,N,35,11:45,21.2,89,8,NNE,2,1022.3,20.3,77,8,N,7,1020,
28/3/2014,Fr,18,24.7,7.4,1,0,WSW,26,22:30,18.7,84,7,WNW,13,1017,24.3,66,8,WSW,11,1013.3,
29/3/2014,Sa,18.7,25.7,0.8,3.6,5.6,SSE,41,11:47,20.6,80,6,W,15,1015.3,24.4,59,7,SSE,24,1015,
30/3/2014,Su,19.4,27,0.2,3.6,10.1,SE,35,18:57,22.4,69,3,WNW,11,1020.1,27,55,3,ESE,22,1019.2,
31/3/2014,Mo,17.5,25,3.6,5,10.2,W,26,0:50,19.6,79,3,WNW,15,1022.4,23.5,64,6,ESE,15,1019.7,
1/2/2014,Sa,21.7,28.7,0,11,10.6,SSE,37,1:53,23.6,72,6,SSW,17,1015.2,26.6,59,3,ESE,17,1012.6,
2/2/2014,Su,22.3,27.4,0,7.2,12.7,NE,43,9:42,24.6,67,3,NE,22,1015.6,26.4,55,1,NE,26,1014.3,
3/2/2014,Mo,21.3,27.1,0,12,11.6,NE,56,16:20,24.9,55,1,NNE,26,1015.7,25.9,51,0,NE,33,1012,
4/2/2014,Tu,20.7,25.2,0,12,1.2,SSE,61,16:39,25.1,62,7,ESE,17,1017.1,19.5,83,8,S,31,1019.4,
5/2/2014,We,17.5,24.5,3.2,5.2,3.1,SSE,41,9:06,20.6,59,6,SSE,26,1023.9,22.7,46,7,SSE,26,1022.3,
6/2/2014,Th,17.1,23.3,1.2,7.2,3.2,E,26,15:21,19.2,67,8,WSW,11,1020.3,23.2,48,7,ESE,17,1017.7,
7/2/2014,Fr,15.5,25.4,0.2,4.2,12.3,ENE,41,15:18,19.6,63,1,W,11,1017.7,25,52,1,ENE,30,1015.2,
8/2/2014,Sa,19.4,27.3,0,9.2,12.1,NE,44,14:14,24.3,59,0,SE,2,1018.1,25.9,53,0,NE,26,1016.3,
9/2/2014,Su,20.6,27.6,0,9.6,12.9,NE,48,18:06,24.6,63,2,ENE,9,1018.9,27.1,52,0,NE,22,1015.4,
10/2/2014,Mo,20.6,27.2,0,10.4,0.2,SSE,59,2:49,20.8,83,8,SSW,20,1019.5,25.5,54,6,S,17,1017.5,
11/2/2014,Tu,20.1,27.7,0,7.2,4,SSE,31,1:25,22.4,72,8,S,4,1017.6,25.9,60,2,SE,13,1014.6,
12/2/2014,We,22.1,26.3,0.2,6,4.3,ESE,33,12:17,23.5,78,7,ESE,19,1016.5,25.8,68,7,ESE,22,1015.6,
13/2/2014,Th,21.5,27,3.4,4.6,7.5,ENE,39,15:58,25.1,66,4,NE,11,1015.1,25.6,64,8,E,28,1011.3,
14/2/2014,Fr,20.8,23.5,1,8.8,0,ENE,28,17:48,21.6,81,8,NNE,6,1008.1,22.8,79,8,ENE,17,1006.4,
15/2/2014,Sa,20.9,24.9,1,2.2,0,NE,26,10:30,21.5,88,8,E,2,1003.7,23.1,82,8,ENE,17,999.5,
16/2/2014,Su,21.4,25,6,2.4,0,SSE,54,12:42,24.7,78,8,S,6,999.5,21.5,83,8,SSE,24,1001.6,
17/2/2014,Mo,18.4,26.4,21.8,7,8.3,SSW,31,23:57,19,90,7,SSW,13,1013.5,23.7,56,4,ESE,20,1013.3,
18/2/2014,Tu,18.9,24.7,0,2.4,2.7,E,26,16:05,20.6,77,7,NW,4,1013,23.9,68,7,E,13,1009.9,
19/2/2014,We,20.5,29.1,0,2.2,1.8,NNE,35,19:15,23.8,81,7,N,11,1004.8,23.5,82,8,W,13,1002.1,
20/2/2014,Th,20.4,29.1,13.2,4.2,11.2,WSW,33,2:15,22.2,52,5,SW,7,1007.8,25.6,40,2,ESE,17,1007.9,
21/2/2014,Fr,18,27,0,11.4,11.9,ESE,41,13:52,21.1,33,1,W,20,1016,24.4,44,1,SE,28,1015.8,
22/2/2014,Sa,19.5,24.7,0,5.8,9.2,ESE,33,12:30,22,63,7,SE,9,1020.3,23.1,56,4,ESE,24,1019.2,
23/2/2014,Su,19.6,26.5,0,8,10.7,SE,37,11:46,23,50,1,SSE,24,1023.4,24.2,51,2,SE,20,1021.8,
24/2/2014,Mo,19.1,26.4,0.2,6.4,11,ENE,33,16:14,21.7,68,2,WNW,9,1020.7,24.9,59,1,E,19,1018.2,
25/2/2014,Tu,19.5,26.7,0,7.4,11.8,NE,50,17:58,23.2,72,3,NNW,6,1017.9,26.1,54,1,NE,30,1013.6,
26/2/2014,We,19.7,32.4,0,9.8,6.2,SSE,43,16:17,25.1,59,6,ESE,7,1011.8,30.3,44,7,ENE,17,1010.1,
27/2/2014,Th,20.3,22,4.4,5.2,0.2,S,44,8:21,21.7,82,7,S,24,1017.3,21.2,78,7,SSE,26,1019.2,
28/2/2014,Fr,19.3,21.6,2.4,3.2,0,SE,44,10:42,19.7,86,8,SSE,20,1022.7,21,68,7,SSE,20,1022.5,
1/1/2014,We,20.5,27.1,0,7.4,5.9,,,,24.4,58,5,NNE,13,1014.6,24.9,62,8,NE,24,1011.3,
2/1/2014,Th,22.3,36.5,0,8,3.5,WSW,52,13:51,27.1,50,7,ESE,6,1003.6,34.5,22,7,WSW,33,1002,
3/1/2014,Fr,21,26.2,0.2,5.6,5.6,ENE,37,12:44,22.2,62,7,ENE,13,1005.3,24.8,52,6,ENE,26,1000,
4/1/2014,Sa,20.1,27.5,0,7.4,11.2,S,57,3:00,22.9,60,1,SSW,17,1003.4,24.6,54,1,E,22,1002.3,
5/1/2014,Su,20.8,26,0,8.2,12.2,NNE,59,17:36,24.2,63,6,NNE,9,1010.5,24.9,70,2,NE,22,1005.7,
6/1/2014,Mo,19.6,32,0,9.4,12.8,W,43,8:42,25.3,30,1,WSW,17,1008.9,28.9,26,1,SE,26,1007.3,
7/1/2014,Tu,18.3,21.6,0,11.4,1.7,SSE,44,8:47,20.9,55,5,SSE,26,1018.3,19.5,63,7,SE,13,1019.4,
8/1/2014,We,16.2,22.3,5.8,7.6,0.4,SE,35,2:47,18.3,68,7,SE,11,1023.7,20.5,60,7,SE,15,1022.4,
9/1/2014,Th,18.1,23.2,0,3.8,2,E,33,15:03,21.1,49,7,ENE,17,1024.3,22.4,53,7,ENE,20,1023.1,
10/1/2014,Fr,19,25.7,0.4,6.6,9.3,ENE,41,15:46,22.3,66,6,ESE,4,1022.2,23.8,59,3,ENE,26,1019.6,
11/1/2014,Sa,19.1,29.1,0,7.2,10.9,ENE,35,14:42,23.5,65,1,W,6,1018.9,27.4,49,2,NE,17,1014.6,
12/1/2014,Su,21.1,28.8,0,10.4,10.3,ESE,39,16:57,24.8,71,2,ENE,9,1017.7,26.1,61,3,ESE,19,1017,
13/1/2014,Mo,19.7,26.8,0,7.6,11.5,ESE,33,15:47,21.9,66,6,SW,7,1021.9,24.7,53,2,ESE,17,1020.2,
14/1/2014,Tu,18.3,27.5,0,7.2,12,ENE,44,14:47,22.8,59,4,W,7,1022.3,26.2,53,0,E,30,1019.7,
15/1/2014,We,21.2,28.8,0,10,12.8,NE,56,17:57,25.6,62,0,ESE,2,1021.7,28.2,53,1,NE,22,1018.2,
16/1/2014,Th,21.1,28.1,0,10.8,13.1,ENE,41,13:47,25.3,64,0,ENE,9,1019.2,27.3,58,0,ENE,28,1016.6,
17/1/2014,Fr,21.3,27.7,0,10.4,12.8,NE,52,17:37,24.2,67,2,NNE,6,1016.7,27.2,57,0,NE,26,1014,
18/1/2014,Sa,19.3,28.7,0,10.6,13.1,NE,52,16:49,25.1,65,0,ENE,7,1012.6,28.3,51,0,ENE,22,1009.4,
19/1/2014,Su,21.2,29.4,0,10.8,6.1,SSE,37,15:54,24.9,65,7,SE,6,1010,26.4,60,6,SE,20,1008.9,
20/1/2014,Mo,21.7,25.9,0,4.2,2.8,S,37,16:57,24.1,71,6,SSE,11,1009.2,25.1,65,7,ESE,24,1008,
21/1/2014,Tu,19.8,25,5,5,0.6,E,33,6:37,21.6,79,7,E,20,1010.2,23.9,68,7,E,15,1008,
22/1/2014,We,19.8,22.8,3,2.8,0,SSE,43,10:12,21.8,74,7,SE,15,1017.7,22.3,60,7,SSE,24,1019.9,
23/1/2014,Th,20.2,24.7,0.2,4.4,4.6,E,31,23:48,22.4,60,5,E,20,1023.2,23.5,54,7,E,20,1021,
24/1/2014,Fr,19.7,26.3,0,7.4,1.5,NNE,52,15:36,23.9,69,8,NNE,20,1014,26,61,8,NE,28,1008,
25/1/2014,Sa,19.3,25.3,2.4,5.6,8,SE,56,13:51,22.5,63,4,S,20,1012,23.3,45,4,SSE,37,1014.8,
26/1/2014,Su,17.2,22.3,0.2,8.6,2.3,SSE,31,2:04,18.1,77,7,SSW,7,1023.8,21.1,48,7,E,19,1024.1,
27/1/2014,Mo,16,25.5,0.2,3.6,12.7,NE,44,16:13,20.6,56,3,W,13,1024.4,24.7,52,3,ENE,26,1022.3,
28/1/2014,Tu,19.6,26.5,0,9.4,13,NE,57,16:54,24.7,45,1,NNE,17,1021.5,25.5,56,1,NE,28,1018.4,
29/1/2014,We,20.3,29.1,0,12,13,NE,44,17:15,24.5,54,0,NNE,6,1017,29,45,1,NE,20,1014,
30/1/2014,Th,21.7,27.9,0,9.6,13,NE,52,11:39,25.2,56,3,E,13,1019.9,27.6,44,0,NE,30,1016.8,
31/1/2014,Fr,20.3,28.3,0,12.6,13,NE,44,14:10,24.7,51,1,NE,17,1014.9,27.2,45,1,NE,26,1012,